daily_avg,Date
1.953500885,12/23/21 0:00
4.415423384,3/16/21 0:00
32.48498232,11/25/21 0:00
33.29564708,11/23/21 0:00
40.17935869,2/26/21 0:00
2.300854854,3/15/21 0:00
4.726115225,11/15/21 0:00
8.368025545,12/12/21 0:00
4.883449329,12/9/21 0:00
26.00400056,12/26/21 0:00
29.33399387,2/23/21 0:00
9.600722044,3/5/21 0:00
2.219158435,11/13/21 0:00
6.790176678,12/10/21 0:00
2.211855147,3/17/21 0:00
12.51675933,3/31/21 0:00
8.023095385,12/11/21 0:00
43.14417261,11/2/21 0:00
8.594815084,11/3/21 0:00
38.66219747,12/5/21 0:00
2.275788423,11/14/21 0:00
6.613911584,12/13/21 0:00
5.955125277,11/27/21 0:00
2.210005913,2/24/21 0:00
42.8062253,11/29/21 0:00
44.73625773,3/19/21 0:00
9.718956436,4/21/21 0:00
4.039023514,12/4/21 0:00
1.291620195,12/27/21 0:00
3.553086261,11/12/21 0:00
3.572046838,12/14/21 0:00
14.56867637,4/2/21 0:00
11.89025196,3/4/21 0:00
50.85603962,12/25/21 0:00
29.13413988,2/27/21 0:00
8.162723786,4/20/21 0:00
36.74094862,11/1/21 0:00
34.60643335,3/20/21 0:00
7.804114466,3/12/21 0:00
7.540860366,11/4/21 0:00
28.56101174,3/18/21 0:00
6.745388655,11/16/21 0:00
24.33346037,12/24/21 0:00
7.971380383,11/20/21 0:00
10.26117285,11/5/21 0:00
11.25909901,2/28/21 0:00
10.82781597,4/14/21 0:00
12.15387976,3/6/21 0:00
8.568428742,11/21/21 0:00
43.1837696,11/30/21 0:00
6.048563708,3/25/21 0:00
12.11345891,3/3/21 0:00
14.0481386,3/13/21 0:00
15.65814692,3/28/21 0:00
3.163528485,11/24/21 0:00
7.67676344,12/16/21 0:00
14.45428642,4/22/21 0:00
10.12974022,3/7/21 0:00
38.2848898,12/1/21 0:00
7.826302247,4/15/21 0:00
10.28744005,10/23/21 0:00
47.06252665,5/9/21 0:00
2.607632068,3/14/21 0:00
2.805471929,3/26/21 0:00
4.419979379,4/19/21 0:00
8.12943539,12/3/21 0:00
11.45780072,10/26/21 0:00
9.382379035,11/6/21 0:00
9.610765955,4/25/21 0:00
17.85507551,10/22/21 0:00
47.04649607,10/24/21 0:00
12.50314285,4/13/21 0:00
9.614994053,3/11/21 0:00
10.68845579,10/31/21 0:00
28.65757914,3/29/21 0:00
51.1498317,10/25/21 0:00
12.57660699,3/21/21 0:00
9.880003604,4/16/21 0:00
3.85476638,5/28/21 0:00
2.563446378,11/10/21 0:00
6.820976368,4/23/21 0:00
5.778165647,3/27/21 0:00
3.305391818,3/24/21 0:00
7.728717047,11/17/21 0:00
34.66085414,5/8/21 0:00
2.465804952,10/28/21 0:00
1.68337508,4/10/21 0:00
37.58046838,12/2/21 0:00
14.45817569,4/12/21 0:00
5.455498236,4/11/21 0:00
15.32078291,5/29/21 0:00
27.47210263,3/8/21 0:00
14.07881004,5/11/21 0:00
40.2276402,10/16/21 0:00
10.38054742,10/30/21 0:00
32.60923942,4/3/21 0:00
24.67316227,5/10/21 0:00
5.507316928,10/27/21 0:00
11.53701022,4/18/21 0:00
8.754868442,11/11/21 0:00
49.06573373,11/7/21 0:00
1.754030808,10/29/21 0:00
15.16347745,5/12/21 0:00
18.07352486,10/21/21 0:00
20.09387787,11/24/20 0:00
6.123148118,3/22/21 0:00
1.916134813,3/23/21 0:00
25.36546331,3/30/21 0:00
12.76293357,10/17/21 0:00
13.82121733,4/17/21 0:00
14.72518516,5/7/21 0:00
32.20704714,4/9/21 0:00
8.032797044,11/9/21 0:00
13.57467802,4/24/21 0:00
51.49859147,11/8/21 0:00
31.2021131,3/9/21 0:00
14.73398999,5/5/21 0:00
34.4142697,10/15/21 0:00
26.04442296,5/30/21 0:00
11.44630389,5/14/21 0:00
14.50540959,5/13/21 0:00
10.35101327,5/6/21 0:00
27.09290823,4/8/21 0:00
1.40020392,12/11/20 0:00
14.47599594,5/4/21 0:00
17.40718464,4/30/21 0:00
33.51206947,10/18/21 0:00
27.91875194,4/26/21 0:00
26.17047652,5/16/21 0:00
13.06606447,9/25/21 0:00
6.616984784,12/15/21 0:00
36.8872634,4/4/21 0:00
32.30376892,10/19/21 0:00
13.56529575,9/23/21 0:00
20.53964429,5/15/21 0:00
27.97969189,10/20/21 0:00
30.42179182,10/12/21 0:00
30.42472229,5/31/21 0:00
27.45496172,10/14/21 0:00
6.73978516,5/17/21 0:00
3.198311263,3/10/21 0:00
8.2574586,9/22/21 0:00
13.05477324,4/29/21 0:00
12.54184536,6/1/21 0:00
16.01644468,5/27/21 0:00
22.23925329,5/18/21 0:00
11.6875037,9/24/21 0:00
29.9489897,10/13/21 0:00
27.78093732,5/1/21 0:00
11.40214128,6/22/21 0:00
8.836753121,4/28/21 0:00
11.61519926,4/5/21 0:00
26.03759144,10/11/21 0:00
6.966737836,10/4/21 0:00
6.308712728,9/21/21 0:00
8.817885521,4/7/21 0:00
33.45421166,9/26/21 0:00
3.595368856,5/3/21 0:00
12.85026373,6/2/21 0:00
7.652804968,9/9/21 0:00
21.67501881,9/2/21 0:00
10.60952869,4/6/21 0:00
25.75109469,7/11/21 0:00
20.04764351,12/27/18 0:00
4.500442199,10/5/21 0:00
19.13870078,7/10/21 0:00
32.84733046,10/6/21 0:00
29.44033444,10/8/21 0:00
17.83281964,7/12/21 0:00
7.857158212,9/15/21 0:00
44.61194071,10/7/21 0:00
20.04953758,12/31/18 0:00
7.522023282,9/8/21 0:00
11.40205541,6/21/21 0:00
7.748626561,9/5/21 0:00
31.06236206,5/19/21 0:00
23.91681177,5/2/21 0:00
24.09015876,9/10/21 0:00
45.91982122,9/3/21 0:00
7.541978142,7/9/21 0:00
8.867049575,10/9/21 0:00
7.450394423,9/16/21 0:00
4.60716348,11/25/18 0:00
22.13694573,7/8/21 0:00
36.25559224,8/2/21 0:00
5.863676057,10/3/21 0:00
38.13182136,9/18/21 0:00
4.054652665,8/5/21 0:00
11.7586661,6/23/21 0:00
13.19183709,6/3/21 0:00
8.21758183,8/16/21 0:00
12.27699475,7/16/21 0:00
23.99658667,9/28/21 0:00
28.28334874,9/4/21 0:00
23.43167875,9/1/21 0:00
32.82391038,9/29/21 0:00
21.30799434,10/10/21 0:00
20.52754714,5/20/21 0:00
15.82510924,5/22/21 0:00
13.02570583,7/3/21 0:00
25.94776816,5/21/21 0:00
31.37965056,4/27/21 0:00
27.28799977,9/17/21 0:00
8.909517358,12/29/17 0:00
20.7332746,5/26/21 0:00
11.93564611,7/17/21 0:00
8.112353027,8/15/21 0:00
7.978473453,8/14/21 0:00
8.728180279,8/22/21 0:00
27.00920113,5/25/21 0:00
24.70161108,6/16/21 0:00
22.61750222,5/23/21 0:00
28.17599608,7/13/21 0:00
12.45529504,7/18/21 0:00
9.072448413,7/31/21 0:00
40.75847875,9/27/21 0:00
18.23900152,9/6/21 0:00
22.19181568,8/3/21 0:00
35.86056706,8/31/21 0:00
13.88075899,6/4/21 0:00
13.53619625,7/2/21 0:00
8.102204826,6/28/21 0:00
32.42731864,1/21/18 0:00
18.49940451,8/1/21 0:00
6.657815859,7/15/21 0:00
8.298992832,8/4/21 0:00
4.564871884,6/29/21 0:00
8.93411623,10/2/21 0:00
21.4993784,5/24/21 0:00
8.525354568,6/27/21 0:00
12.88083182,10/1/21 0:00
24.7196474,6/13/21 0:00
18.29124911,8/6/21 0:00
6.524158918,6/20/21 0:00
13.01540776,6/24/21 0:00
45.23758543,9/11/21 0:00
6.901147039,7/14/21 0:00
0.407822937,12/16/16 0:00
4.504090153,7/30/21 0:00
8.042165912,8/17/21 0:00
11.35374053,7/19/21 0:00
6.014216596,9/13/21 0:00
27.72217308,6/14/21 0:00
10.66069193,9/30/21 0:00
21.91043052,8/30/21 0:00
9.484668184,6/30/21 0:00
12.62381712,6/7/21 0:00
15.65604427,7/4/21 0:00
5.508392614,9/14/21 0:00
20.59581132,6/15/21 0:00
13.276184,6/5/21 0:00
10.10224736,6/8/21 0:00
29.92575165,6/26/21 0:00
23.89170059,9/7/21 0:00
26.78228959,9/12/21 0:00
23.93255455,7/20/21 0:00
12.8474568,6/6/21 0:00
13.35172946,7/1/21 0:00
27.62925621,6/17/21 0:00
6.530075422,9/19/21 0:00
7.640087253,8/13/21 0:00
6.602660136,12/12/20 0:00
27.8586819,8/7/21 0:00
24.52214243,6/25/21 0:00
6.214832093,8/8/21 0:00
8.929606756,7/22/21 0:00
16.65702628,7/7/21 0:00
16.06910627,8/18/21 0:00
0.767839618,1/16/17 0:00
26.1027663,7/21/21 0:00
4.922864173,9/20/21 0:00
7.182924816,8/23/21 0:00
10.83880259,6/9/21 0:00
37.82966836,11/25/20 0:00
18.84949208,7/27/21 0:00
7.955436198,7/26/21 0:00
6.028745268,8/29/21 0:00
15.15854797,6/12/21 0:00
13.98398869,7/5/21 0:00
22.11851545,6/19/21 0:00
8.016571885,7/23/21 0:00
21.76850087,8/26/21 0:00
6.1501109,8/21/21 0:00
8.961517137,8/20/21 0:00
6.26932547,8/9/21 0:00
17.09653948,8/25/21 0:00
20.2029504,8/19/21 0:00
7.188927517,7/25/21 0:00
3.553080106,8/12/21 0:00
11.94270058,6/10/21 0:00
2.854142319,12/28/19 0:00
12.48645558,7/6/21 0:00
8.917903876,8/27/21 0:00
25.95235948,7/28/21 0:00
10.95655415,6/11/21 0:00
0.505968772,12/25/16 0:00
7.12740261,8/28/21 0:00
8.272890892,8/11/21 0:00
7.724663899,7/24/21 0:00
0.887925825,1/2/17 0:00
9.528035997,6/18/21 0:00
7.320346301,8/24/21 0:00
6.301864306,8/10/21 0:00
9.569564558,7/29/21 0:00
23.59595134,1/17/20 0:00
1.264558907,12/20/18 0:00
0.303095746,11/14/20 0:00
2.399208271,9/27/20 0:00
27.15030272,11/10/20 0:00
1.424239726,3/9/20 0:00
0.890088931,1/25/17 0:00
0.397511136,11/11/12 0:00
0.769937999,12/30/11 0:00
0.264176372,11/30/19 0:00
1.069369767,12/30/19 0:00
1.323168399,11/2/11 0:00
5.784171906,10/5/19 0:00
22.66222845,12/28/18 0:00
0.522936841,12/15/14 0:00
0.738179605,1/10/20 0:00
1.630713589,9/29/19 0:00
20.17323923,11/4/18 0:00
29.8942484,12/9/19 0:00
0.764635454,12/4/13 0:00
7.692353701,12/24/20 0:00
4.225202852,1/13/18 0:00
1.05323153,1/15/16 0:00
17.81534456,12/15/18 0:00
8.443834331,12/25/20 0:00
1.046692506,1/21/15 0:00
3.458365391,12/17/18 0:00
0.433926489,12/7/20 0:00
1.590165701,12/23/16 0:00
0.682861513,12/8/20 0:00
3.449652525,12/9/20 0:00
0.965923928,12/9/12 0:00
3.800214632,1/9/19 0:00
3.773992998,12/1/20 0:00
3.910696639,12/4/20 0:00
0.582338396,12/21/18 0:00
0.762229863,12/8/14 0:00
21.22304392,12/1/19 0:00
23.4102778,1/10/19 0:00
3.923772688,11/28/20 0:00
0.057040002,12/28/15 0:00
1.222145891,1/10/17 0:00
1.021661322,11/21/19 0:00
0.029033057,12/5/16 0:00
37.06443165,12/30/18 0:00
3.622416258,1/4/19 0:00
7.907767045,12/26/20 0:00
0.752058727,11/26/19 0:00
3.590355597,1/3/19 0:00
9.593255814,12/13/18 0:00
1.292922401,1/11/20 0:00
31.77722768,12/6/19 0:00
1.469779556,1/1/18 0:00
0.356169363,3/5/18 0:00
3.505056311,12/3/19 0:00
0.766090284,12/24/14 0:00
3.860969014,11/24/18 0:00
14.72897876,1/6/18 0:00
0.233062511,11/26/15 0:00
32.52507198,9/11/20 0:00
0.701099065,12/15/12 0:00
3.994307175,12/4/19 0:00
0.590979029,4/17/13 0:00
8.936837083,1/10/12 0:00
35.76443421,1/5/18 0:00
28.43102102,12/13/17 0:00
3.234892995,12/3/20 0:00
1.211609133,2/4/12 0:00
3.42137607,12/6/18 0:00
4.016760025,1/8/19 0:00
21.71967318,1/12/19 0:00
2.058673493,12/26/19 0:00
3.395168693,12/2/20 0:00
11.85056851,10/16/18 0:00
3.396498756,12/5/18 0:00
3.246240757,12/21/19 0:00
17.05892345,10/7/18 0:00
10.71620383,11/10/16 0:00
16.59504431,9/21/19 0:00
1.354988952,11/19/11 0:00
2.69077894,11/17/18 0:00
10.15513826,12/28/14 0:00
0.066342711,12/11/16 0:00
0.537050201,11/23/14 0:00
4.408023336,11/13/18 0:00
32.58854854,12/5/19 0:00
0.487559397,12/20/13 0:00
1.065616901,1/24/17 0:00
1.739678904,1/2/18 0:00
1.856939476,10/6/17 0:00
0.868437411,12/1/12 0:00
4.226802164,11/14/18 0:00
11.99232278,10/15/18 0:00
10.37471884,1/18/15 0:00
10.32980328,11/19/16 0:00
26.6279883,1/8/18 0:00
21.7977567,12/23/18 0:00
8.407117887,12/29/11 0:00
11.56355889,10/15/20 0:00
9.438232625,12/26/16 0:00
0.489321899,10/30/13 0:00
9.273420155,1/27/18 0:00
9.27256152,1/7/17 0:00
29.7645252,10/17/18 0:00
40.99813576,12/20/20 0:00
9.581950435,11/24/13 0:00
47.55048539,11/7/19 0:00
29.87526039,1/5/19 0:00
8.621596245,12/4/12 0:00
8.700795406,11/30/17 0:00
4.44321436,11/13/20 0:00
9.010040403,1/9/12 0:00
4.156068008,11/15/18 0:00
1.486367367,1/3/15 0:00
11.87247436,10/23/18 0:00
3.491533405,12/5/20 0:00
13.34827907,10/4/18 0:00
15.45750852,12/26/18 0:00
9.700945881,2/1/18 0:00
7.579258684,12/21/20 0:00
0.979243535,12/22/14 0:00
10.83015547,11/21/16 0:00
4.112694304,11/22/18 0:00
24.31114292,1/2/20 0:00
10.56778551,11/13/13 0:00
9.412714748,2/2/18 0:00
7.863243169,10/19/20 0:00
1.160246516,9/5/18 0:00
25.63048343,12/21/17 0:00
4.039533732,11/30/20 0:00
24.7958287,4/14/18 0:00
0.849013243,12/28/12 0:00
9.251359472,12/27/16 0:00
22.1394551,1/16/20 0:00
0.716920034,1/29/13 0:00
32.0118627,10/21/18 0:00
9.148087104,11/25/17 0:00
10.64522001,12/4/15 0:00
2.555485437,12/27/17 0:00
9.233319417,1/10/16 0:00
2.967656634,1/12/18 0:00
8.911463495,1/14/13 0:00
3.217141567,12/10/20 0:00
8.573098737,12/25/11 0:00
9.109375444,11/23/17 0:00
27.42102502,2/20/20 0:00
0.935049456,10/25/20 0:00
11.96562144,10/20/18 0:00
10.40746894,12/3/14 0:00
9.978300453,11/13/16 0:00
8.31905372,12/18/11 0:00
1.536651636,12/1/16 0:00
3.449074464,12/18/18 0:00
5.129923506,11/3/20 0:00
0.476878278,11/17/15 0:00
9.744419548,11/20/17 0:00
1.441242674,10/25/12 0:00
11.21508198,10/31/12 0:00
4.019116695,12/22/19 0:00
9.720847601,1/4/17 0:00
8.388613639,12/12/12 0:00
10.03514715,11/19/15 0:00
8.965413743,11/24/17 0:00
26.97518146,12/12/17 0:00
20.73237623,12/10/18 0:00
1.557405073,10/23/15 0:00
8.547744371,12/1/17 0:00
8.219498123,12/16/17 0:00
10.71764715,11/13/15 0:00
10.36208028,11/9/16 0:00
10.24388233,12/31/14 0:00
0.944792938,2/23/12 0:00
11.44119889,11/3/16 0:00
28.00920286,11/11/20 0:00
36.4993043,2/16/18 0:00
8.893383756,11/28/13 0:00
25.48266788,11/14/17 0:00
1.188579689,11/27/11 0:00
9.317563763,11/29/11 0:00
9.277163773,12/2/11 0:00
8.474447075,12/16/11 0:00
10.73123866,11/9/15 0:00
9.474058776,1/21/13 0:00
32.93225155,10/18/18 0:00
8.837947084,1/18/18 0:00
16.88399817,11/18/18 0:00
3.71293322,12/27/19 0:00
32.99735672,10/22/18 0:00
1.017403751,11/20/13 0:00
36.75235018,1/25/18 0:00
21.49967933,3/18/20 0:00
13.02962935,2/18/17 0:00
9.18304876,11/27/13 0:00
7.467649732,3/6/20 0:00
10.27814761,12/19/15 0:00
10.38066883,11/12/16 0:00
8.511228746,12/7/17 0:00
8.603998731,11/29/17 0:00
24.0505161,1/1/20 0:00
12.97409227,10/4/20 0:00
5.77411928,2/21/20 0:00
12.60018069,2/3/17 0:00
9.582936813,1/12/16 0:00
8.866286896,11/16/12 0:00
5.838483629,1/30/19 0:00
3.886144524,11/22/19 0:00
15.49737546,12/29/18 0:00
14.04589948,2/15/17 0:00
11.57873719,10/13/20 0:00
11.50090887,11/2/15 0:00
9.911050943,11/12/15 0:00
8.782587417,11/28/12 0:00
3.405502015,12/28/13 0:00
20.39764867,11/7/20 0:00
8.729337794,1/5/12 0:00
7.988575319,1/1/13 0:00
2.576740866,11/11/15 0:00
12.77930498,10/7/19 0:00
8.635735445,1/11/12 0:00
10.43448465,11/17/11 0:00
12.41898116,10/8/19 0:00
11.94522558,10/7/20 0:00
12.99357954,2/17/17 0:00
11.02247572,11/4/16 0:00
4.163383844,12/14/20 0:00
1.22816751,12/21/14 0:00
20.88074107,11/26/20 0:00
14.42142043,10/14/19 0:00
5.258198982,11/1/20 0:00
0.928416409,1/6/16 0:00
28.12843343,11/15/17 0:00
0.750183234,1/3/20 0:00
11.13756452,10/30/12 0:00
4.41167142,11/16/20 0:00
1.992288311,12/7/12 0:00
0.393864776,1/7/15 0:00
1.394479233,12/15/11 0:00
3.325279404,12/8/18 0:00
14.08715739,2/12/17 0:00
36.40652992,1/20/18 0:00
0.948152127,1/2/16 0:00
8.393458231,12/24/11 0:00
0,12/4/16 0:00
13.9767496,10/13/15 0:00
11.00346624,11/8/15 0:00
2.626706333,12/21/12 0:00
0.264553137,12/13/15 0:00
10.50388974,11/13/12 0:00
0,12/25/13 0:00
10.65638218,11/8/16 0:00
15.76554734,9/26/16 0:00
21.08708774,4/3/18 0:00
5.501759733,2/6/20 0:00
11.38314202,11/3/15 0:00
5.072505953,1/17/18 0:00
1.065095586,12/26/15 0:00
10.53193197,11/16/16 0:00
29.74846836,11/9/17 0:00
11.24556723,10/17/19 0:00
7.946308973,12/11/12 0:00
11.79461477,2/12/12 0:00
9.709411015,10/25/19 0:00
5.674309626,2/18/20 0:00
7.662743705,12/8/17 0:00
10.90135719,11/9/13 0:00
1.015246716,11/16/13 0:00
10.63067081,1/12/15 0:00
9.576645119,11/15/13 0:00
8.642774652,1/25/14 0:00
32.31958921,12/19/19 0:00
20.30467349,10/28/18 0:00
10.40296382,1/17/16 0:00
1.806343921,12/11/19 0:00
2.960225731,1/5/20 0:00
33.94198415,12/23/20 0:00
0.613210444,12/14/11 0:00
12.22937178,2/19/16 0:00
8.658088273,1/6/13 0:00
11.69177393,2/11/12 0:00
10.88125242,11/14/14 0:00
12.561052,10/8/13 0:00
1.901477511,9/28/18 0:00
6.660337258,1/29/19 0:00
11.90522697,10/13/13 0:00
14.1168354,9/27/16 0:00
9.140506466,1/29/18 0:00
4.204593974,10/30/18 0:00
2.27643025,4/30/19 0:00
10.89475021,10/12/20 0:00
8.898774675,1/25/13 0:00
0.883166676,11/29/19 0:00
8.686833757,11/22/17 0:00
12.06617352,2/21/17 0:00
20.07117919,3/1/18 0:00
12.99465956,10/31/14 0:00
3.219683906,11/27/20 0:00
8.323338815,11/27/14 0:00
12.37655224,10/12/12 0:00
1.888385693,2/20/18 0:00
10.00435824,11/8/12 0:00
8.503192113,1/4/13 0:00
1.655000618,1/7/19 0:00
13.17699686,10/29/14 0:00
11.66180286,11/1/15 0:00
10.87058375,1/15/15 0:00
12.89781536,11/1/14 0:00
10.93978322,11/6/16 0:00
2.559043633,11/28/19 0:00
31.76635849,3/19/20 0:00
4.305264274,1/9/15 0:00
10.06292338,11/20/16 0:00
8.715518581,11/10/13 0:00
1.016061124,11/27/19 0:00
4.977210269,11/5/20 0:00
8.379972086,1/3/12 0:00
14.07712566,10/1/11 0:00
14.61932343,9/23/12 0:00
0.908650044,11/11/13 0:00
1.647888848,12/31/19 0:00
13.70756452,9/29/13 0:00
1.572908193,12/16/12 0:00
10.21679225,11/20/14 0:00
2.352906066,12/14/18 0:00
8.177884417,1/15/13 0:00
14.59272651,10/13/16 0:00
8.609257057,1/15/14 0:00
11.59105903,1/24/15 0:00
2.185423866,12/30/17 0:00
6.325671067,3/4/20 0:00
13.32974814,10/21/14 0:00
10.44576488,11/10/15 0:00
10.5192405,11/16/11 0:00
2.790430236,12/16/14 0:00
11.08950904,1/16/15 0:00
5.05988779,12/15/20 0:00
1.057936618,12/20/14 0:00
8.190845397,1/7/12 0:00
5.084771892,1/23/14 0:00
14.52204903,10/11/14 0:00
10.06287048,11/12/13 0:00
5.634519184,10/3/20 0:00
13.98836565,10/16/14 0:00
6.40704243,12/31/16 0:00
9.426109845,11/23/12 0:00
9.465483761,11/2/13 0:00
28.81884621,11/8/17 0:00
13.64046939,10/14/15 0:00
9.99262687,10/27/19 0:00
36.7193639,4/27/19 0:00
13.35969145,10/20/14 0:00
12.44631273,2/22/17 0:00
24.89205321,9/26/19 0:00
4.721759494,11/23/19 0:00
17.10571146,12/16/18 0:00
0.506083474,12/12/19 0:00
2.363413999,9/10/20 0:00
0.276931095,12/1/18 0:00
7.704595361,12/28/11 0:00
16.18559159,10/3/15 0:00
2.004502657,4/18/18 0:00
2.719895439,12/19/16 0:00
2.467359376,2/4/17 0:00
15.20395739,9/30/15 0:00
0.685018773,1/1/19 0:00
21.39464938,11/5/19 0:00
8.466052888,11/30/13 0:00
13.46564466,9/13/13 0:00
26.34444191,10/14/17 0:00
0.95324692,11/24/16 0:00
2.071639557,11/17/19 0:00
15.14808301,10/8/14 0:00
1.450536729,12/11/13 0:00
8.559802073,1/4/12 0:00
9.032061279,1/18/13 0:00
14.4381743,9/22/14 0:00
9.816647132,11/11/16 0:00
2.13685395,1/2/19 0:00
13.32924155,9/2/20 0:00
7.395438689,12/2/17 0:00
0.918669723,11/8/11 0:00
1.256621069,12/22/18 0:00
9.717576096,12/6/14 0:00
12.78920436,10/22/16 0:00
2.414339005,10/19/19 0:00
12.22998379,10/6/20 0:00
2.686326429,12/1/15 0:00
11.82002419,10/14/13 0:00
8.275832075,1/13/14 0:00
9.093482256,1/27/14 0:00
1.034356815,11/16/15 0:00
40.05289136,1/11/19 0:00
2.003601657,12/18/16 0:00
0.835406702,11/26/11 0:00
4.44442835,11/21/18 0:00
13.29584093,9/29/17 0:00
22.98158022,9/8/20 0:00
9.597362133,11/23/13 0:00
8.070424683,11/25/14 0:00
12.5619596,10/7/13 0:00
14.92994634,10/2/15 0:00
9.986935261,11/14/12 0:00
15.38063208,9/23/18 0:00
17.67968382,11/3/18 0:00
10.79711857,10/25/13 0:00
6.311598439,12/17/13 0:00
12.28557393,10/25/17 0:00
14.23435005,9/6/19 0:00
0.483419072,1/1/16 0:00
7.544295916,12/10/17 0:00
11.07282512,11/7/15 0:00
13.47188539,9/28/17 0:00
14.53799791,9/22/18 0:00
12.47855826,10/8/17 0:00
14.00499374,9/30/11 0:00
14.41310206,9/22/13 0:00
10.29264491,11/15/11 0:00
4.4413338,2/2/20 0:00
15.117263,9/19/15 0:00
1.646948964,6/9/20 0:00
6.102696712,2/29/20 0:00
12.82659455,2/27/16 0:00
6.443526437,3/3/18 0:00
14.99911324,9/21/13 0:00
9.082018816,9/9/18 0:00
13.20031521,10/15/15 0:00
25.8820268,10/16/17 0:00
9.134921641,10/27/18 0:00
8.023523221,11/21/12 0:00
16.73216802,12/25/18 0:00
2.695710389,12/3/12 0:00
1.373881545,1/2/14 0:00
24.78806008,12/2/19 0:00
11.18622522,11/21/14 0:00
1.466996797,1/4/16 0:00
1.462905435,12/31/17 0:00
9.498651486,9/10/18 0:00
3.532625177,12/16/15 0:00
7.625585374,12/31/11 0:00
3.461352509,11/18/16 0:00
6.520753322,10/29/19 0:00
8.803889797,1/26/13 0:00
9.911556288,1/29/14 0:00
3.375316775,12/18/19 0:00
1.192270253,1/15/20 0:00
9.698417134,11/15/16 0:00
13.13458534,10/1/13 0:00
9.214801934,1/28/14 0:00
13.29950249,10/17/15 0:00
12.57984725,10/25/15 0:00
1.581085191,12/14/19 0:00
11.71073537,2/20/16 0:00
8.858835944,1/6/17 0:00
13.58587327,9/3/20 0:00
12.67168243,10/7/12 0:00
1.88295698,1/21/20 0:00
6.642861251,12/9/16 0:00
11.45755206,10/27/13 0:00
25.77237909,3/14/18 0:00
11.33681406,10/28/12 0:00
12.54116288,10/23/16 0:00
1.77724402,12/10/13 0:00
11.69608805,10/8/20 0:00
1.817861607,2/10/13 0:00
4.310480219,1/6/14 0:00
17.78655132,7/2/18 0:00
10.01804926,6/13/19 0:00
22.74896065,3/8/18 0:00
20.66799251,4/3/20 0:00
34.28640668,12/22/20 0:00
6.602936967,11/26/13 0:00
1.630799558,1/17/17 0:00
0.023195001,12/23/13 0:00
14.46326899,8/19/20 0:00
9.790941036,11/8/14 0:00
11.85805055,10/10/13 0:00
6.08281612,2/26/18 0:00
7.613685377,12/7/13 0:00
36.74385216,8/28/19 0:00
7.235278667,12/6/13 0:00
15.97265854,9/13/14 0:00
11.88202696,10/12/13 0:00
15.01836341,10/8/16 0:00
7.117152397,9/23/19 0:00
32.95894431,10/17/17 0:00
12.34561029,10/9/13 0:00
0.391332309,1/10/14 0:00
0.081117298,2/2/15 0:00
1.356721656,12/13/20 0:00
1.166895887,2/12/20 0:00
9.267330435,11/30/11 0:00
12.27312139,2/18/12 0:00
38.62397099,7/28/20 0:00
0.37477335,1/27/13 0:00
15.55577766,9/13/15 0:00
7.535045353,12/1/13 0:00
1.220340965,3/23/16 0:00
3.699324003,10/18/20 0:00
12.32300874,10/8/12 0:00
1.155630674,12/23/14 0:00
2.120720707,1/20/17 0:00
13.14890831,3/21/19 0:00
13.16625877,10/18/16 0:00
19.55264967,2/1/20 0:00
1.522240816,12/20/11 0:00
2.094232507,12/27/11 0:00
10.7457172,10/29/11 0:00
22.50005806,11/6/20 0:00
8.887372071,1/19/12 0:00
14.22461977,7/10/20 0:00
13.88572336,10/11/15 0:00
12.68322839,10/5/11 0:00
9.592622317,11/5/16 0:00
3.04284835,12/25/19 0:00
13.03256866,10/4/11 0:00
6.306894513,3/4/18 0:00
22.90313121,10/29/18 0:00
8.609107602,3/10/20 0:00
4.761541795,10/31/20 0:00
7.015818249,3/12/18 0:00
2.73441513,11/19/19 0:00
7.796298091,1/2/13 0:00
7.859839412,3/30/20 0:00
15.08396895,9/12/15 0:00
3.158642148,10/14/18 0:00
2.725346431,12/27/20 0:00
1.789533157,1/9/17 0:00
1.105142624,11/5/18 0:00
1.057596717,11/22/11 0:00
7.312345333,1/19/13 0:00
0.901709268,11/23/15 0:00
4.278127627,2/3/20 0:00
0.140119396,12/20/12 0:00
5.733160805,11/12/19 0:00
47.63232062,12/30/20 0:00
17.47245497,8/24/15 0:00
6.371689462,1/11/14 0:00
7.500803811,12/29/16 0:00
1.062493801,2/1/13 0:00
9.313637671,12/9/15 0:00
0.43176655,11/27/18 0:00
3.269087594,11/25/19 0:00
11.36675125,10/13/11 0:00
23.58358131,10/18/17 0:00
14.44156738,10/1/15 0:00
12.51318208,11/10/17 0:00
23.04801849,12/16/19 0:00
13.2469959,1/30/15 0:00
15.38604358,4/19/19 0:00
14.60691595,9/20/15 0:00
14.76894783,9/29/16 0:00
7.29548036,12/18/17 0:00
13.61369469,10/25/14 0:00
14.81299084,8/6/12 0:00
11.6001851,10/15/11 0:00
30.08607853,3/31/19 0:00
8.029299096,12/13/12 0:00
12.29716127,10/10/12 0:00
17.88123085,8/20/15 0:00
1.552844284,1/21/17 0:00
5.167991916,1/13/19 0:00
4.746086954,1/20/20 0:00
3.956368789,11/18/20 0:00
13.94982436,4/8/19 0:00
0.353328334,12/31/15 0:00
12.14559548,2/7/16 0:00
12.69463672,2/27/14 0:00
13.75037331,9/10/12 0:00
14.41320903,9/21/15 0:00
26.00776775,7/12/19 0:00
9.82604594,11/3/13 0:00
0.597267621,12/9/13 0:00
1.788422741,11/22/16 0:00
6.408869688,3/8/20 0:00
0.914071397,1/8/16 0:00
2.263417566,12/26/17 0:00
14.95007808,8/25/11 0:00
6.672555535,12/6/16 0:00
15.75444503,9/11/16 0:00
38.65619916,8/22/19 0:00
7.668616021,1/9/13 0:00
30.95397009,12/10/19 0:00
6.033482508,11/9/11 0:00
6.534896803,12/2/12 0:00
4.199011796,3/5/20 0:00
21.74852079,12/4/18 0:00
15.07876855,9/5/11 0:00
12.31820837,10/26/14 0:00
13.66910462,2/9/17 0:00
11.20644358,9/28/15 0:00
12.90240248,10/5/16 0:00
28.50754574,11/26/17 0:00
13.43624588,9/12/13 0:00
17.84814806,3/26/19 0:00
1.199310057,12/3/13 0:00
14.4786729,10/22/14 0:00
14.53403361,10/7/16 0:00
22.85229066,1/22/18 0:00
3.666791379,12/3/15 0:00
11.2327559,2/19/12 0:00
6.27685066,2/8/20 0:00
1.631789661,12/4/11 0:00
2.36990617,11/30/16 0:00
13.60203294,9/9/12 0:00
14.41433542,9/18/16 0:00
12.18044262,2/16/12 0:00
0.130492282,2/5/15 0:00
15.65194018,7/9/16 0:00
14.53109738,9/17/16 0:00
13.0360649,9/4/20 0:00
1.778328324,10/27/15 0:00
26.77191121,1/8/20 0:00
15.73503319,3/27/15 0:00
5.969027123,3/3/20 0:00
9.373874494,11/1/12 0:00
11.25343946,2/13/13 0:00
4.53095122,2/10/20 0:00
12.80785198,10/2/11 0:00
0.343464599,11/28/16 0:00
10.59943536,11/1/11 0:00
0.85273254,11/5/13 0:00
20.56381798,7/8/18 0:00
27.4930361,9/9/20 0:00
19.77027994,3/13/18 0:00
10.48747777,11/4/11 0:00
9.714062167,12/17/14 0:00
51.33636018,1/20/19 0:00
15.4269899,8/9/19 0:00
12.8467034,10/3/11 0:00
1.091481927,10/13/14 0:00
14.19908948,2/23/15 0:00
5.870046857,2/25/18 0:00
10.39299279,11/11/11 0:00
6.249738894,12/2/14 0:00
8.860450795,12/3/17 0:00
0.892843555,11/12/18 0:00
11.97679694,10/9/17 0:00
6.801301859,3/13/20 0:00
8.305565401,11/14/11 0:00
9.431557898,12/30/14 0:00
9.019577099,11/18/13 0:00
6.904878664,12/18/13 0:00
1.090286415,2/6/14 0:00
1.748014646,12/12/14 0:00
3.468495138,11/8/20 0:00
12.82654624,10/15/14 0:00
15.14792932,9/22/12 0:00
16.23926467,9/6/14 0:00
12.84832768,10/12/15 0:00
15.24933286,9/16/14 0:00
9.350103983,1/1/15 0:00
9.227107844,11/15/15 0:00
0.922927746,1/4/14 0:00
10.71811981,1/13/15 0:00
17.03391897,3/26/15 0:00
35.97144977,1/26/18 0:00
6.841624941,9/16/18 0:00
1.342238395,11/4/17 0:00
7.590548352,11/30/12 0:00
2.271449991,12/18/12 0:00
11.66307972,10/11/13 0:00
7.655985204,11/21/17 0:00
36.35606831,11/15/19 0:00
35.36331853,4/29/20 0:00
6.182081967,11/22/13 0:00
0.308307156,12/27/13 0:00
17.35019081,8/25/15 0:00
1.608094433,11/6/18 0:00
15.87258328,8/22/16 0:00
15.43273052,9/9/15 0:00
16.87348661,6/3/18 0:00
8.577366581,3/21/18 0:00
17.055728,3/22/19 0:00
6.688924133,12/25/12 0:00
23.88168331,3/24/18 0:00
7.312063275,10/21/19 0:00
8.291261499,1/14/16 0:00
29.05780618,4/19/20 0:00
11.06137669,10/24/11 0:00
10.40226738,2/18/18 0:00
0.016110715,12/26/13 0:00
23.08382204,6/12/20 0:00
3.335110253,12/13/19 0:00
0.959806296,12/12/16 0:00
8.235905009,11/6/14 0:00
3.54343324,2/8/17 0:00
27.62610077,12/16/20 0:00
3.334429522,2/27/15 0:00
15.55812055,3/21/15 0:00
8.58501888,11/19/17 0:00
14.28290754,6/28/11 0:00
16.03725305,3/11/15 0:00
2.151396214,9/29/18 0:00
1.4698834,10/31/13 0:00
12.93251955,2/11/16 0:00
5.805628599,12/5/17 0:00
6.337968628,12/26/11 0:00
8.709870541,1/18/16 0:00
14.09850069,3/16/16 0:00
3.726435933,12/21/16 0:00
11.91548416,10/3/12 0:00
0.090044851,1/8/15 0:00
12.18028422,10/5/20 0:00
22.81366974,11/20/18 0:00
1.445197413,3/27/14 0:00
15.63773585,3/31/15 0:00
11.66195126,10/15/12 0:00
13.33048538,2/19/15 0:00
5.482343408,2/22/20 0:00
14.09215424,9/2/13 0:00
2.939786506,2/11/14 0:00
6.183926049,2/4/18 0:00
5.353578585,1/1/12 0:00
11.20055452,6/8/19 0:00
1.972825905,11/16/18 0:00
14.66293071,7/30/19 0:00
12.9478633,10/18/15 0:00
2.509997585,11/22/20 0:00
1.094947968,12/21/15 0:00
30.93984667,4/26/19 0:00
29.54484545,10/2/19 0:00
10.62733937,10/18/19 0:00
6.137654939,12/9/11 0:00
25.03621475,7/7/18 0:00
14.52376737,4/7/18 0:00
16.56921029,6/4/18 0:00
8.231282043,11/21/11 0:00
13.9562054,10/11/16 0:00
2.064694037,2/7/14 0:00
20.41534402,7/6/18 0:00
37.51173423,11/19/18 0:00
12.86300953,2/22/15 0:00
11.52179429,9/30/20 0:00
2.837240139,11/18/17 0:00
1.083422968,12/17/16 0:00
27.75329326,9/13/20 0:00
8.201887044,1/17/13 0:00
10.27508873,1/23/15 0:00
13.4523054,9/6/11 0:00
10.00501347,12/5/15 0:00
14.46526735,9/23/13 0:00
26.93259016,8/23/19 0:00
12.3150033,10/24/16 0:00
8.021893248,9/7/11 0:00
13.23771492,9/14/13 0:00
58.31185346,12/29/20 0:00
9.183140737,1/28/12 0:00
13.46792802,8/21/20 0:00
1.770292511,2/10/14 0:00
12.66212004,2/26/14 0:00
13.52936448,2/12/15 0:00
15.36813702,7/23/14 0:00
27.02509014,4/20/19 0:00
26.71342452,5/5/20 0:00
2.023469038,10/16/13 0:00
5.636988513,2/27/18 0:00
23.6867739,9/12/18 0:00
14.77086842,7/9/14 0:00
22.39322836,12/12/18 0:00
26.42553943,12/15/17 0:00
33.96565686,4/30/20 0:00
12.26370452,2/12/16 0:00
6.998840332,1/14/12 0:00
9.868311358,1/16/16 0:00
21.45892255,9/27/19 0:00
5.136901888,1/4/15 0:00
7.95277384,8/29/18 0:00
26.11837565,8/2/18 0:00
13.97354897,3/21/13 0:00
1.775476309,12/29/19 0:00
0.916665146,12/6/15 0:00
1.979422489,12/25/15 0:00
2.346243525,9/22/19 0:00
3.005771248,12/28/17 0:00
9.713636151,5/8/20 0:00
20.22052332,6/27/17 0:00
3.971838361,10/6/18 0:00
16.19469017,7/8/16 0:00
12.44967103,2/19/13 0:00
1.215846112,11/6/12 0:00
8.720182458,11/15/12 0:00
0.059808336,12/24/13 0:00
15.6217466,9/7/14 0:00
0.13070452,1/3/16 0:00
37.45537804,3/7/17 0:00
14.60761651,6/22/12 0:00
15.2198138,8/11/11 0:00
1.456328716,12/13/16 0:00
4.689082327,12/23/17 0:00
11.38228803,11/6/19 0:00
11.63379361,10/9/11 0:00
12.6233574,2/25/12 0:00
5.171650188,2/11/20 0:00
10.6231333,10/29/12 0:00
2.097964912,11/21/13 0:00
16.85772253,5/4/16 0:00
31.71252084,2/6/19 0:00
0.011426542,2/3/15 0:00
4.351704501,12/28/20 0:00
14.00799616,3/10/12 0:00
27.58438251,8/27/19 0:00
2.619770261,10/19/18 0:00
2.615706377,12/12/11 0:00
1.817158923,10/20/20 0:00
1.05780005,9/26/11 0:00
13.95396952,3/9/12 0:00
8.034554631,4/7/17 0:00
6.488260331,12/9/17 0:00
4.246543524,12/11/17 0:00
25.72935467,12/19/17 0:00
5.338915069,1/2/12 0:00
7.179693682,1/19/14 0:00
15.86534079,7/30/15 0:00
11.03446265,10/31/11 0:00
1.424313337,10/22/20 0:00
15.27613883,8/21/11 0:00
2.189471077,1/11/17 0:00
2.142947014,12/6/20 0:00
1.950803218,9/18/15 0:00
5.505082541,11/24/15 0:00
9.825335226,2/5/17 0:00
13.84737323,8/20/20 0:00
12.02440309,10/21/16 0:00
3.043559815,12/7/19 0:00
14.8703844,6/7/20 0:00
22.63501434,9/18/18 0:00
13.70369961,2/14/15 0:00
0.687181991,12/2/18 0:00
34.71698729,5/21/19 0:00
26.59869055,1/7/20 0:00
2.447687152,1/3/17 0:00
11.634495,10/6/11 0:00
14.85904446,10/9/16 0:00
15.74184482,8/15/11 0:00
17.22803568,8/12/15 0:00
9.534005478,11/14/15 0:00
13.48668919,10/20/16 0:00
4.630287007,1/19/20 0:00
13.41746615,4/1/13 0:00
16.93659657,7/31/15 0:00
7.392830929,3/31/20 0:00
2.708155462,11/13/14 0:00
3.340803276,11/20/15 0:00
1.828821551,11/17/17 0:00
29.38752156,2/5/19 0:00
1.348596887,11/22/14 0:00
16.66664225,8/3/15 0:00
10.13871618,5/31/17 0:00
7.012061674,3/17/20 0:00
20.54573506,2/3/19 0:00
13.35729721,8/23/20 0:00
17.4491669,8/23/15 0:00
36.49248823,3/10/19 0:00
28.20599076,4/6/20 0:00
0.488709282,1/31/13 0:00
2.903460136,11/17/13 0:00
10.89998782,10/9/14 0:00
15.44340857,6/25/12 0:00
32.18168882,12/20/19 0:00
2.349147247,11/25/16 0:00
1.584868404,10/28/15 0:00
14.60401665,7/7/17 0:00
0.189888104,1/7/16 0:00
13.93442609,6/29/18 0:00
0.461312059,2/14/16 0:00
33.40789139,12/18/20 0:00
3.196566798,11/23/20 0:00
14.64630144,3/11/16 0:00
6.22362929,2/23/20 0:00
13.49581166,9/19/12 0:00
35.93439525,10/12/19 0:00
0.194727161,2/6/15 0:00
4.309314501,11/30/18 0:00
0.001698997,11/21/15 0:00
37.46569745,5/30/20 0:00
1.06276037,3/9/13 0:00
12.12293251,10/2/12 0:00
13.78098282,7/13/20 0:00
14.12614338,6/8/20 0:00
28.58635955,6/25/20 0:00
1.680146953,11/30/15 0:00
12.66231999,2/27/12 0:00
3.679888513,12/21/11 0:00
1.689502163,12/12/15 0:00
4.66011807,12/31/20 0:00
12.69187504,9/28/12 0:00
5.857090281,11/16/17 0:00
15.50406638,8/17/12 0:00
13.77227286,9/20/16 0:00
12.14490034,10/8/11 0:00
11.10758534,7/14/17 0:00
32.00600807,2/26/17 0:00
16.25190955,6/21/16 0:00
4.963208969,12/22/12 0:00
9.841157401,10/22/11 0:00
8.918206141,2/2/17 0:00
11.95560011,3/17/19 0:00
6.487810953,1/1/17 0:00
15.52552426,6/25/14 0:00
15.22770129,8/13/14 0:00
7.994557654,12/18/15 0:00
16.15362773,5/18/16 0:00
1.197640796,12/19/18 0:00
1.590081383,1/9/20 0:00
4.383404064,11/4/20 0:00
14.71026619,8/29/11 0:00
6.152670278,12/5/13 0:00
16.51769915,6/16/16 0:00
10.91815642,10/21/12 0:00
1.200417797,1/10/18 0:00
3.622632516,11/19/20 0:00
1.914754881,2/24/18 0:00
1.067176718,2/3/14 0:00
1.554198528,12/10/14 0:00
8.29289164,12/25/14 0:00
0.204262977,11/24/14 0:00
1.915556859,2/26/15 0:00
14.47721683,8/15/20 0:00
7.614801403,1/7/13 0:00
14.50148691,7/4/11 0:00
14.44768222,7/24/18 0:00
6.849765449,3/7/20 0:00
22.79660304,12/3/18 0:00
20.73842346,12/24/18 0:00
8.8742954,1/15/12 0:00
32.36867962,2/25/17 0:00
23.86260672,7/8/17 0:00
6.48667997,1/8/13 0:00
16.46835665,3/23/14 0:00
15.75802684,3/28/15 0:00
6.152225652,11/4/12 0:00
2.096542231,2/7/17 0:00
1.509009522,1/14/18 0:00
15.56654441,6/12/12 0:00
14.62789773,7/31/12 0:00
14.44709005,8/10/13 0:00
14.72068629,7/30/17 0:00
10.39344313,10/26/12 0:00
9.691633545,2/1/19 0:00
16.22050315,10/10/17 0:00
3.139192419,4/11/19 0:00
2.165271198,12/15/15 0:00
1.521526825,10/26/20 0:00
31.8597763,7/19/19 0:00
16.44135582,7/1/16 0:00
23.19013812,1/24/19 0:00
6.891191334,11/27/12 0:00
2.290311625,2/7/20 0:00
13.94007722,9/19/16 0:00
19.81793628,2/21/19 0:00
1.512057766,4/30/16 0:00
8.020708714,11/24/11 0:00
18.20501868,4/27/15 0:00
13.63097286,9/25/13 0:00
2.457390484,12/13/14 0:00
0.926831474,4/13/14 0:00
1.461492233,1/4/20 0:00
13.96645464,8/7/19 0:00
9.983233607,2/11/18 0:00
1.640576122,12/22/15 0:00
16.54570342,9/5/20 0:00
8.277333727,9/29/11 0:00
2.135044546,12/17/17 0:00
1.196762816,11/23/16 0:00
4.170480173,2/15/20 0:00
15.89424082,6/17/16 0:00
15.21530548,9/4/11 0:00
0.826507537,2/14/18 0:00
9.836376545,6/7/19 0:00
9.013155376,4/21/20 0:00
18.53954458,2/22/18 0:00
10.59474221,10/21/13 0:00
4.435142228,11/14/19 0:00
2.346783963,1/19/17 0:00
1.794066749,11/5/11 0:00
9.640194012,1/30/12 0:00
7.829320954,11/30/14 0:00
12.00301864,10/2/13 0:00
13.50770203,9/22/17 0:00
12.25456413,10/16/15 0:00
1.678581562,10/31/15 0:00
13.00508952,9/30/17 0:00
3.919716871,2/13/18 0:00
19.22181286,6/5/19 0:00
8.980638568,11/17/12 0:00
13.13338634,9/11/11 0:00
13.08830202,9/21/11 0:00
17.08193518,6/7/16 0:00
1.150363795,2/7/12 0:00
8.648607692,11/18/14 0:00
8.75738662,9/24/19 0:00
14.38205191,7/23/20 0:00
4.658853617,12/10/15 0:00
1.988801008,1/3/18 0:00
20.66510743,6/6/17 0:00
14.35629653,6/17/20 0:00
16.26158991,6/15/16 0:00
8.410095201,11/14/16 0:00
22.43161106,12/15/19 0:00
14.4221757,4/4/18 0:00
12.47951574,2/21/14 0:00
14.79489763,4/11/12 0:00
11.936784,10/3/18 0:00
11.58731409,2/27/19 0:00
13.19587665,10/11/20 0:00
0.348796317,12/31/13 0:00
14.08301081,6/13/13 0:00
18.1534091,7/1/17 0:00
12.95077975,7/12/20 0:00
15.57757862,8/13/16 0:00
8.968609596,11/19/13 0:00
3.424582669,2/13/14 0:00
12.17096769,2/13/17 0:00
8.853610032,11/26/16 0:00
6.434525292,12/23/11 0:00
0.861917787,3/30/17 0:00
53.07285689,1/23/19 0:00
10.27725186,10/10/20 0:00
5.697875501,2/27/20 0:00
1.973297337,12/31/12 0:00
6.499470306,11/6/13 0:00
5.753663468,12/7/11 0:00
15.18679178,4/28/18 0:00
14.42010503,9/6/16 0:00
1.984018316,11/27/16 0:00
23.62745593,5/6/17 0:00
0.261335429,12/16/13 0:00
16.28067445,7/16/16 0:00
2.647099952,12/25/17 0:00
6.791401919,12/5/12 0:00
6.610413745,1/12/17 0:00
3.191443328,2/13/19 0:00
12.85300988,9/15/12 0:00
15.05175421,5/24/13 0:00
14.30670167,9/11/15 0:00
26.51165452,1/16/18 0:00
10.88342865,5/16/11 0:00
15.15051663,8/5/12 0:00
3.913140033,1/24/20 0:00
8.392839267,1/17/14 0:00
2.511003506,12/14/16 0:00
1.399568819,12/3/11 0:00
1.792758435,1/25/16 0:00
5.325701635,1/28/17 0:00
1.911733142,11/15/20 0:00
13.08252427,9/27/13 0:00
2.718610129,12/2/13 0:00
8.877395414,11/18/11 0:00
16.94366841,4/19/18 0:00
3.041431711,12/9/18 0:00
15.58522528,8/21/16 0:00
15.01624026,7/17/15 0:00
8.083283713,11/7/13 0:00
22.5370367,2/22/19 0:00
0.041046668,11/22/15 0:00
14.34705305,8/27/11 0:00
8.978678036,12/22/16 0:00
12.74114604,9/25/20 0:00
1.801472909,1/11/18 0:00
1.795692462,11/7/18 0:00
0,2/1/15 0:00
1.444706374,1/9/18 0:00
40.9565049,4/18/20 0:00
18.86847774,6/10/19 0:00
10.0420352,10/21/11 0:00
10.58249971,2/20/13 0:00
2.601115539,1/22/15 0:00
11.13188334,2/18/15 0:00
15.47445567,4/29/18 0:00
2.025774442,2/6/12 0:00
2.851839532,11/4/13 0:00
1.355010673,12/19/12 0:00
14.52375296,9/18/14 0:00
20.28158365,7/24/20 0:00
44.06496753,12/17/20 0:00
8.359765771,11/29/16 0:00
34.89304194,10/10/19 0:00
17.88497743,4/30/15 0:00
3.572446159,2/2/19 0:00
2.569105009,12/24/19 0:00
0.408164965,1/12/20 0:00
6.816573222,1/14/17 0:00
4.202367617,11/24/19 0:00
3.058568483,11/25/13 0:00
13.2512934,8/10/12 0:00
3.74556827,6/21/18 0:00
7.396264304,11/29/14 0:00
4.793112297,10/1/18 0:00
9.081160146,10/26/13 0:00
23.50917731,1/4/18 0:00
9.708014579,1/23/16 0:00
14.67608404,8/19/11 0:00
50.39747806,12/19/20 0:00
13.58426717,3/8/12 0:00
11.38071831,2/12/18 0:00
14.50291521,8/14/11 0:00
12.39151103,2/6/18 0:00
4.502365209,2/14/19 0:00
31.67436633,3/15/17 0:00
16.17365747,6/16/20 0:00
16.9256268,6/19/15 0:00
15.38172661,7/23/15 0:00
9.082818027,7/16/18 0:00
1.453643207,2/3/12 0:00
1.318808736,1/18/19 0:00
2.738135308,11/25/11 0:00
14.71725591,6/11/20 0:00
15.17112634,3/5/15 0:00
10.03033341,10/27/12 0:00
18.50345622,1/14/20 0:00
18.20849604,9/11/18 0:00
12.81716968,8/27/20 0:00
1.79251857,11/27/15 0:00
14.15306672,6/19/12 0:00
9.477002695,5/23/19 0:00
13.90359344,9/8/12 0:00
33.15027894,3/16/19 0:00
14.65728899,6/29/11 0:00
8.549520794,11/3/11 0:00
11.64657081,8/28/20 0:00
7.424029259,9/8/17 0:00
14.3055006,7/10/13 0:00
29.230053,7/26/20 0:00
15.14112508,4/10/12 0:00
13.21743244,3/2/13 0:00
13.6315944,7/9/18 0:00
12.81579217,9/11/12 0:00
4.853009336,12/17/15 0:00
14.82684476,7/28/13 0:00
2.254027885,9/28/13 0:00
12.74360914,2/14/17 0:00
14.66522193,11/10/18 0:00
4.40377552,12/7/18 0:00
17.16835023,4/10/15 0:00
36.5420947,10/24/18 0:00
8.681222642,10/16/20 0:00
20.69101441,12/11/18 0:00
16.82494907,4/11/16 0:00
0.280646309,1/1/14 0:00
8.359692506,1/13/16 0:00
0,3/23/17 0:00
14.51962685,4/23/17 0:00
16.76604056,4/22/14 0:00
1.348716729,1/3/14 0:00
14.04054928,9/19/11 0:00
0.863406027,2/2/16 0:00
1.426089886,10/29/20 0:00
5.470708905,11/28/17 0:00
15.3413245,4/20/13 0:00
16.37519545,6/27/16 0:00
10.19941215,11/1/16 0:00
18.04319991,4/23/15 0:00
17.71256212,6/7/17 0:00
27.85322883,7/17/17 0:00
2.388399994,11/29/20 0:00
16.46639412,3/25/16 0:00
9.788265775,6/24/17 0:00
13.91998551,9/27/14 0:00
7.076380635,1/22/13 0:00
15.46722182,3/9/15 0:00
1.439163252,10/23/20 0:00
4.225945175,2/3/18 0:00
16.57231764,4/8/14 0:00
16.15374853,4/2/16 0:00
2.68246742,10/24/15 0:00
3.30022343,12/23/19 0:00
10.93590472,10/9/20 0:00
18.88817953,3/4/17 0:00
31.69326849,2/19/19 0:00
5.907480279,12/17/11 0:00
6.370966254,12/14/12 0:00
6.616132356,12/7/16 0:00
13.63610635,1/27/19 0:00
4.266360282,10/30/20 0:00
10.92866992,5/17/11 0:00
14.89635149,5/12/13 0:00
14.13932548,3/16/14 0:00
5.161430701,12/24/15 0:00
12.70079682,3/27/20 0:00
33.79750435,1/19/19 0:00
14.99670104,5/29/12 0:00
13.1311284,9/26/15 0:00
2.288938878,12/24/17 0:00
2.524171424,1/22/17 0:00
18.5190736,4/22/15 0:00
3.289552242,4/28/16 0:00
26.21028985,5/7/18 0:00
8.567160317,12/30/16 0:00
25.80005648,1/7/18 0:00
4.323817883,11/23/18 0:00
12.8353582,3/13/12 0:00
7.37286751,1/6/12 0:00
6.772373055,1/23/13 0:00
18.51489048,5/31/15 0:00
5.987744279,1/28/16 0:00
8.959296028,10/23/19 0:00
6.134310411,1/3/13 0:00
7.221805347,11/29/13 0:00
14.74273011,4/9/12 0:00
15.67871354,6/13/14 0:00
23.34019035,8/9/18 0:00
1.759195021,1/5/16 0:00
15.56395797,4/12/16 0:00
3.417807636,3/19/15 0:00
2.187062219,2/19/18 0:00
3.09632515,12/13/11 0:00
20.87041753,12/20/17 0:00
15.32276225,4/26/12 0:00
14.88070958,5/12/17 0:00
14.84894516,8/4/17 0:00
2.094427533,12/26/12 0:00
2.372863804,5/10/17 0:00
30.14981698,3/15/19 0:00
14.72745846,8/21/12 0:00
0,2/17/14 0:00
4.084194196,1/5/17 0:00
31.10578683,6/13/20 0:00
14.39275874,6/3/13 0:00
15.05835544,4/22/17 0:00
5.979645997,11/10/19 0:00
8.874044271,11/10/14 0:00
14.33442291,6/25/19 0:00
15.92017871,7/21/15 0:00
20.02204052,8/2/19 0:00
11.6868247,2/19/17 0:00
13.7754459,8/27/13 0:00
23.32179351,5/5/17 0:00
12.90938275,8/30/13 0:00
17.97604147,4/15/14 0:00
16.73322453,6/6/16 0:00
4.408212979,12/7/15 0:00
16.66598489,6/2/16 0:00
12.95613066,9/25/12 0:00
0.134118339,12/29/15 0:00
7.617299442,1/27/17 0:00
11.4877475,2/16/19 0:00
8.121632048,6/1/18 0:00
8.720607658,1/29/12 0:00
2.946325141,1/15/17 0:00
8.66008073,10/27/11 0:00
1.837829252,10/22/13 0:00
7.066226679,12/9/14 0:00
17.40555079,8/23/17 0:00
49.75368235,1/21/19 0:00
0,1/6/15 0:00
24.77430229,11/28/18 0:00
1.666538945,12/24/12 0:00
1.312863239,3/10/13 0:00
13.25133119,9/26/13 0:00
14.25468683,8/4/13 0:00
5.723908799,10/19/12 0:00
2.37708665,4/30/17 0:00
33.45585385,4/26/20 0:00
12.57144373,9/29/12 0:00
14.92302343,9/2/16 0:00
13.63510344,9/26/18 0:00
10.31490717,6/5/18 0:00
28.63010013,1/6/19 0:00
12.69264804,3/17/17 0:00
12.31319365,10/7/11 0:00
24.56579922,9/15/18 0:00
9.110545913,2/19/14 0:00
15.79254385,6/15/18 0:00
2.190322326,1/26/16 0:00
15.58436087,5/5/16 0:00
26.30843086,7/29/17 0:00
8.174338705,11/7/11 0:00
20.98152815,1/16/19 0:00
3.386607232,3/25/18 0:00
35.56866098,3/2/19 0:00
12.35802699,9/28/14 0:00
16.83880776,4/9/16 0:00
16.26074885,6/19/16 0:00
9.343843141,5/9/20 0:00
1.20277339,10/14/14 0:00
13.1691509,7/29/19 0:00
3.743715344,10/28/19 0:00
24.0134548,6/5/17 0:00
0.971837239,12/17/19 0:00
2.412116782,2/24/17 0:00
14.50326809,4/6/12 0:00
2.404206548,4/11/20 0:00
12.87267303,3/15/12 0:00
14.48597703,7/12/13 0:00
2.397183049,12/6/12 0:00
14.15259157,8/1/12 0:00
12.6865006,8/26/20 0:00
11.11660482,10/28/14 0:00
14.33995519,4/17/18 0:00
17.5679461,4/17/17 0:00
14.14268854,4/5/12 0:00
14.26938068,3/14/17 0:00
17.15963613,5/18/15 0:00
14.82173849,6/6/20 0:00
13.77420836,10/6/14 0:00
6.633468849,11/29/12 0:00
23.36601968,5/8/19 0:00
13.99201084,6/20/12 0:00
10.46071718,10/19/17 0:00
14.38578249,5/21/12 0:00
15.17609032,9/2/14 0:00
16.61324961,4/11/15 0:00
12.20518151,9/10/13 0:00
15.61552055,9/3/14 0:00
14.35434623,8/8/17 0:00
7.542964822,11/3/12 0:00
25.32918552,10/11/17 0:00
11.00336234,2/6/17 0:00
12.56421573,2/23/14 0:00
2.028190874,12/23/15 0:00
12.23672054,3/19/13 0:00
14.50803971,9/14/15 0:00
7.372150127,11/6/15 0:00
5.079826461,11/2/20 0:00
1.611179332,12/14/14 0:00
7.59454597,9/7/17 0:00
5.163968414,3/3/14 0:00
3.196664972,12/30/13 0:00
11.42475746,3/4/14 0:00
4.21435693,2/16/20 0:00
13.50740272,3/22/13 0:00
4.732969793,9/30/18 0:00
16.68374395,6/5/16 0:00
12.64656008,8/6/19 0:00
43.10586478,4/5/20 0:00
2.212210259,12/17/12 0:00
9.97281715,10/17/13 0:00
15.21342205,3/20/15 0:00
22.06239509,6/30/18 0:00
2.794575924,11/17/20 0:00
14.96575182,5/10/12 0:00
14.3786401,6/18/13 0:00
1.195270422,12/21/13 0:00
2.434077493,12/27/14 0:00
7.734874042,1/11/15 0:00
6.03018389,12/23/12 0:00
14.60492449,8/24/11 0:00
4.314824042,1/18/17 0:00
8.339376214,11/12/12 0:00
18.18078311,3/1/17 0:00
0.419362983,1/20/12 0:00
25.08911144,11/27/17 0:00
21.209301,11/29/18 0:00
14.77838187,6/6/12 0:00
11.85023509,8/28/13 0:00
15.39819664,4/1/15 0:00
44.3168214,3/11/19 0:00
3.313715163,11/23/11 0:00
4.649640167,1/5/13 0:00
15.44121774,3/28/16 0:00
12.10845162,10/4/19 0:00
0.64382236,1/18/20 0:00
10.05724716,6/13/18 0:00
5.318672472,12/27/12 0:00
18.08878506,9/13/18 0:00
16.19597315,8/14/20 0:00
14.55104135,6/21/12 0:00
0.02993426,1/30/13 0:00
31.2893237,12/14/17 0:00
1.855519567,9/13/12 0:00
2.741825406,10/14/12 0:00
9.040709904,7/6/17 0:00
34.80651081,11/3/17 0:00
2.93949304,1/5/15 0:00
14.807137,7/20/11 0:00
14.93381656,8/18/16 0:00
10.94970295,5/16/18 0:00
5.085016916,12/19/11 0:00
1.612433058,1/6/20 0:00
13.63327107,4/2/13 0:00
10.38366918,2/15/13 0:00
24.7759308,7/7/19 0:00
19.6015769,1/23/20 0:00
6.470223465,12/1/14 0:00
15.24611474,3/17/14 0:00
8.700025934,9/10/17 0:00
3.240834953,10/12/14 0:00
1.99464216,1/29/15 0:00
0.435538561,2/15/14 0:00
9.001062107,11/4/15 0:00
13.74314696,5/22/12 0:00
15.77486473,4/24/13 0:00
14.6522384,5/14/13 0:00
2.42697372,7/30/13 0:00
12.59680892,9/6/13 0:00
12.82746898,9/29/14 0:00
15.10116893,7/25/16 0:00
14.13732956,7/15/19 0:00
4.542301049,1/12/13 0:00
2.834428508,11/11/14 0:00
21.32634659,1/23/18 0:00
5.910352899,11/3/19 0:00
16.94387518,4/26/15 0:00
26.77571045,3/7/18 0:00
3.129574278,10/28/17 0:00
10.98532737,6/1/17 0:00
13.06097788,3/14/14 0:00
15.76425624,5/15/16 0:00
33.31934431,4/9/19 0:00
2.135380257,10/23/14 0:00
7.335390101,9/11/17 0:00
1.842073421,12/15/13 0:00
2.202861778,1/7/14 0:00
4.339867808,1/23/17 0:00
10.59757923,2/17/12 0:00
12.92876178,3/6/12 0:00
17.06952119,1/13/20 0:00
2.842992849,12/4/14 0:00
6.706314977,3/15/18 0:00
2.241563741,2/24/16 0:00
14.31449189,8/1/13 0:00
7.463623893,8/25/18 0:00
14.79855108,7/25/11 0:00
14.12191946,7/31/11 0:00
23.05614524,8/12/17 0:00
8.010647236,4/10/20 0:00
12.1489839,2/24/19 0:00
1.136981306,12/8/13 0:00
11.37492205,3/6/19 0:00
14.95769622,8/12/14 0:00
10.59149008,3/1/19 0:00
13.47067622,8/16/20 0:00
2.687035154,12/29/12 0:00
2.095565414,12/22/13 0:00
2.796444664,12/14/15 0:00
6.036794602,11/10/12 0:00
16.52467925,4/9/14 0:00
9.580964353,10/20/17 0:00
3.126772231,12/26/14 0:00
2.457647339,1/22/20 0:00
14.56587062,7/11/12 0:00
3.478464057,10/12/18 0:00
12.26555427,2/26/12 0:00
12.28001599,10/11/12 0:00
6.666460389,11/18/12 0:00
9.067357615,2/1/17 0:00
38.55076546,6/2/20 0:00
0.813197262,1/22/12 0:00
14.60446492,3/28/12 0:00
2.137106766,1/9/14 0:00
11.76164532,7/11/18 0:00
11.96158115,10/22/17 0:00
4.495137493,1/14/19 0:00
1.939354253,9/18/11 0:00
4.174575188,11/28/11 0:00
6.130215592,1/2/15 0:00
3.674022528,1/10/15 0:00
28.97192964,4/21/19 0:00
14.13192877,5/16/12 0:00
8.640654906,2/10/15 0:00
8.900763263,1/19/18 0:00
6.834419146,12/11/14 0:00
0,2/4/15 0:00
16.12897762,6/16/15 0:00
5.013348562,1/18/12 0:00
14.68790392,3/25/14 0:00
7.34938324,12/19/14 0:00
11.93327556,9/30/19 0:00
3.870756253,10/26/19 0:00
12.883342,8/20/18 0:00
11.00853783,5/18/11 0:00
16.38651198,4/11/14 0:00
16.063843,6/8/16 0:00
8.446726709,8/22/18 0:00
2.923036857,5/21/18 0:00
8.221678477,8/19/17 0:00
26.24033496,8/3/19 0:00
14.62075849,5/13/17 0:00
5.64454693,12/6/17 0:00
3.98558664,11/18/15 0:00
1.799167217,2/3/13 0:00
3.131708368,3/29/17 0:00
1.230337937,2/20/14 0:00
2.589419866,2/4/20 0:00
21.530334,4/6/17 0:00
2.099803325,3/7/12 0:00
2.740413232,11/1/17 0:00
6.656208244,1/13/13 0:00
0.087761115,12/30/15 0:00
28.19120187,7/28/17 0:00
14.28023399,8/7/11 0:00
3.481289224,12/2/16 0:00
2.523215632,1/29/17 0:00
13.04586727,9/9/11 0:00
14.72895735,5/13/12 0:00
5.431655989,4/29/17 0:00
2.38182178,10/2/14 0:00
1.620395489,6/14/18 0:00
7.295020039,11/14/13 0:00
28.08782316,10/30/17 0:00
16.667075,5/21/15 0:00
17.21336102,7/29/15 0:00
2.954162171,2/11/13 0:00
14.59115464,2/9/18 0:00
74.03383683,9/19/18 0:00
23.42357201,1/15/18 0:00
15.58008598,3/7/15 0:00
15.50895277,3/12/15 0:00
4.182752981,3/31/16 0:00
1.665674033,1/25/20 0:00
15.9130765,5/17/14 0:00
2.054253332,11/11/19 0:00
9.218634456,6/18/18 0:00
37.65401272,6/29/19 0:00
11.45451329,7/11/20 0:00
15.85496592,7/11/16 0:00
4.537565469,1/31/18 0:00
15.42547559,5/22/16 0:00
4.477053926,12/29/13 0:00
14.56587723,3/13/14 0:00
14.4525596,5/15/19 0:00
9.93069646,1/28/15 0:00
1.558926133,12/8/19 0:00
2.620811785,3/3/16 0:00
10.74063385,2/27/17 0:00
15.19309986,8/31/14 0:00
13.25920496,8/18/20 0:00
13.77910644,7/4/13 0:00
21.83935547,10/12/17 0:00
13.92440643,7/14/13 0:00
13.51315618,8/9/17 0:00
2.951811564,10/27/17 0:00
12.51452768,7/11/19 0:00
42.19646425,11/8/19 0:00
17.11080471,8/21/15 0:00
13.06636135,9/13/11 0:00
8.666404396,2/12/13 0:00
14.7586291,7/30/11 0:00
15.83204797,6/3/16 0:00
15.71612574,8/15/15 0:00
3.364177241,2/1/16 0:00
1.829972811,3/13/16 0:00
15.39711229,3/14/15 0:00
16.5321061,7/4/14 0:00
0.998432547,12/12/13 0:00
2.308142446,12/5/14 0:00
4.067662231,11/17/14 0:00
13.47674997,1/31/19 0:00
19.51786997,1/31/20 0:00
3.277032202,11/12/20 0:00
8.885799383,2/16/13 0:00
13.03095101,3/20/13 0:00
30.90608978,3/18/19 0:00
3.731202915,8/28/15 0:00
16.05433123,4/4/15 0:00
19.87049772,2/7/19 0:00
4.204448539,11/18/19 0:00
6.900641152,12/8/12 0:00
16.33817214,8/4/16 0:00
2.34260524,12/18/14 0:00
15.46651357,4/14/16 0:00
8.479638287,11/9/19 0:00
10.08448076,10/28/13 0:00
0.635583363,2/5/14 0:00
0,3/22/17 0:00
1.369564504,6/24/13 0:00
5.367816936,1/16/13 0:00
7.83491371,11/12/11 0:00
3.924167383,11/24/12 0:00
11.35544175,1/29/16 0:00
28.84651534,10/27/20 0:00
13.37388993,8/18/11 0:00
3.219278622,1/17/15 0:00
9.898725821,2/9/19 0:00
1.702773811,2/23/13 0:00
13.2920529,9/25/14 0:00
13.3525517,9/16/15 0:00
1.89305187,11/26/18 0:00
10.00448326,2/20/12 0:00
3.046337138,1/15/19 0:00
13.48938398,9/3/13 0:00
13.27302152,3/13/13 0:00
12.75836489,8/29/13 0:00
15.95008499,5/29/16 0:00
5.379255996,11/5/15 0:00
16.30256698,7/14/16 0:00
15.03533999,8/22/11 0:00
3.37566809,2/5/12 0:00
7.733446177,11/7/14 0:00
8.430871164,5/26/18 0:00
14.40044255,9/14/14 0:00
14.14997867,7/11/13 0:00
14.34987513,5/4/19 0:00
10.91496815,2/17/13 0:00
1.748048233,1/5/14 0:00
3.005554571,11/29/15 0:00
9.151624963,1/27/16 0:00
5.769644546,1/8/17 0:00
15.2780671,7/21/16 0:00
0.420409279,2/2/13 0:00
14.6318632,4/17/12 0:00
15.517511,4/13/16 0:00
5.65483194,3/3/17 0:00
0.218228135,12/6/11 0:00
11.58631725,9/30/12 0:00
9.839118054,1/21/16 0:00
3.618080378,12/28/16 0:00
22.74985519,11/2/18 0:00
1.731598253,10/31/19 0:00
15.87724934,7/16/12 0:00
5.067082329,10/18/14 0:00
1.927715092,12/22/11 0:00
3.076231623,12/19/13 0:00
1.929242812,2/13/20 0:00
10.87933736,2/11/19 0:00
7.225997026,11/13/11 0:00
9.233620667,10/24/12 0:00
3.606423869,12/27/15 0:00
3.705239068,10/6/19 0:00
4.018226218,2/18/13 0:00
8.698526828,10/20/19 0:00
14.09736774,5/28/19 0:00
15.24785348,3/6/15 0:00
15.07024385,7/23/17 0:00
9.102623358,10/21/17 0:00
2.844772789,11/9/20 0:00
3.820940062,9/28/19 0:00
11.90203349,10/7/15 0:00
14.00599572,8/24/12 0:00
4.285781383,8/12/19 0:00
1.514999143,12/4/17 0:00
18.4738468,9/7/18 0:00
27.66392827,11/12/17 0:00
14.06929699,8/24/14 0:00
19.86506304,6/19/19 0:00
13.64741317,8/18/13 0:00
1.533033298,1/11/13 0:00
26.77892188,4/4/20 0:00
8.437609981,10/9/15 0:00
14.12657347,6/30/11 0:00
48.74121089,10/11/19 0:00
25.86477669,1/26/20 0:00
0,3/25/17 0:00
8.615384732,2/2/12 0:00
2.170408437,12/5/11 0:00
2.767694873,1/10/13 0:00
6.894399393,11/28/14 0:00
0.012217709,2/8/14 0:00
18.27351592,9/13/17 0:00
14.54653084,6/9/12 0:00
6.504601237,1/20/16 0:00
39.64699047,3/3/19 0:00
13.09877917,9/15/11 0:00
7.811374984,4/13/20 0:00
5.019105769,2/7/18 0:00
4.941291378,11/25/12 0:00
5.835093851,12/30/12 0:00
23.00309378,10/16/19 0:00
3.577558982,11/21/20 0:00
3.782434703,5/14/19 0:00
35.44053037,9/14/18 0:00
13.09169105,7/20/13 0:00
35.04081254,7/27/20 0:00
3.550916021,2/23/17 0:00
4.044690394,10/21/20 0:00
1.964171888,9/3/11 0:00
15.8517031,6/23/15 0:00
2.470293449,1/28/13 0:00
13.51929439,10/7/14 0:00
14.67896273,4/8/12 0:00
14.94744364,9/5/16 0:00
26.54700879,9/18/19 0:00
14.38778143,5/30/12 0:00
13.23167701,9/30/13 0:00
2.75427013,12/13/13 0:00
1.619970036,1/26/15 0:00
13.93957323,7/2/11 0:00
21.94040476,9/1/17 0:00
4.02872053,2/14/13 0:00
1.420290688,12/24/16 0:00
15.8958413,8/2/15 0:00
11.81608391,9/9/13 0:00
12.62827006,3/5/19 0:00
18.87307015,6/10/17 0:00
13.26908963,9/6/12 0:00
14.78112015,8/20/12 0:00
3.750210179,1/16/14 0:00
12.38062108,3/3/13 0:00
1.750578415,12/14/13 0:00
13.62801448,7/17/13 0:00
4.206912698,12/3/16 0:00
9.052354098,2/6/13 0:00
13.71821178,7/14/19 0:00
9.954480593,2/17/15 0:00
2.718202046,11/20/20 0:00
9.498421291,5/25/17 0:00
15.96827113,4/25/13 0:00
2.716993574,11/13/19 0:00
6.452738434,10/30/14 0:00
14.31651822,6/10/12 0:00
15.87588826,7/10/14 0:00
20.39064147,7/9/17 0:00
15.69474223,7/20/18 0:00
4.912793752,1/19/16 0:00
4.874592761,2/14/20 0:00
13.73260285,8/1/19 0:00
15.87725232,11/2/19 0:00
15.95206,7/8/20 0:00
10.62726263,3/28/20 0:00
0.37201113,2/4/14 0:00
7.256358321,1/31/12 0:00
15.84761925,4/5/15 0:00
2.923096515,6/21/19 0:00
13.53939453,9/5/12 0:00
3.30275585,4/7/15 0:00
16.37460029,4/25/14 0:00
30.87158337,1/17/19 0:00
4.883716614,12/29/14 0:00
16.13006298,6/20/14 0:00
38.42994545,8/8/20 0:00
13.67640939,7/5/13 0:00
3.284381645,1/14/14 0:00
2.783615295,1/30/14 0:00
2.310372631,3/3/15 0:00
2.856459512,10/12/16 0:00
0.016916667,2/1/14 0:00
12.0194187,9/27/18 0:00
1.467739378,11/8/18 0:00
5.059218569,12/1/11 0:00
14.82001626,8/9/11 0:00
10.52278538,6/18/17 0:00
4.939255766,5/18/20 0:00
17.23557596,4/18/14 0:00
23.84763659,6/1/20 0:00
15.05210332,2/4/19 0:00
9.4154004,6/23/17 0:00
15.51723767,11/13/17 0:00
14.69594349,9/4/15 0:00
3.67304958,11/11/18 0:00
26.20545127,1/29/20 0:00
24.6728361,1/30/20 0:00
8.08866601,6/28/18 0:00
23.39978876,7/21/18 0:00
28.16391672,1/27/20 0:00
3.444996159,2/28/12 0:00
12.66463431,8/17/20 0:00
14.26149364,9/6/15 0:00
13.44294946,8/23/13 0:00
1.063780605,2/12/14 0:00
6.258061117,1/19/15 0:00
1.314672448,8/24/18 0:00
12.59971587,3/4/19 0:00
29.75553722,7/8/19 0:00
13.94093642,6/28/13 0:00
1.012826628,5/14/11 0:00
14.31693043,5/4/18 0:00
5.03876069,8/28/18 0:00
11.56871285,3/14/13 0:00
0.81139151,2/9/20 0:00
32.50967047,10/28/20 0:00
5.482942691,2/4/13 0:00
13.16282617,8/11/17 0:00
14.16857198,4/22/12 0:00
5.344225612,10/5/18 0:00
14.59043769,8/7/12 0:00
4.211392131,11/7/12 0:00
13.54883844,7/23/19 0:00
13.08329144,5/13/18 0:00
13.56484347,3/4/15 0:00
5.254963572,12/10/11 0:00
34.87959839,11/16/19 0:00
13.98035329,10/1/17 0:00
14.45370198,8/19/14 0:00
30.54868206,5/4/17 0:00
14.52579134,5/14/12 0:00
5.070734028,11/19/12 0:00
13.99144837,7/13/14 0:00
5.023993535,3/24/19 0:00
3.640775174,10/6/13 0:00
6.279363931,2/8/19 0:00
16.07812496,6/9/15 0:00
4.306330564,5/12/19 0:00
8.424038277,10/28/11 0:00
1.616286418,10/26/16 0:00
2.021140835,1/17/12 0:00
0.6605204,1/18/14 0:00
16.05330099,6/2/17 0:00
15.79157117,6/18/16 0:00
4.867806898,12/11/11 0:00
12.89714328,4/1/12 0:00
3.286060988,1/8/14 0:00
2.587500126,10/29/15 0:00
13.23563188,6/14/20 0:00
9.455394713,6/17/18 0:00
29.03066824,8/29/19 0:00
0.969530866,2/17/20 0:00
12.91949607,9/26/14 0:00
9.61392103,2/10/18 0:00
25.90575196,11/7/17 0:00
13.20397947,7/7/12 0:00
3.722984616,5/11/19 0:00
4.418163537,1/20/14 0:00
8.896292292,10/20/12 0:00
15.47870037,4/3/16 0:00
13.68363086,10/10/15 0:00
0.263907802,2/13/12 0:00
9.549924624,10/29/16 0:00
14.52474936,6/18/12 0:00
14.04291735,1/26/19 0:00
4.262343796,1/14/15 0:00
4.891059226,7/15/20 0:00
2.291882611,1/21/14 0:00
62.59646091,1/22/19 0:00
5.852810925,2/4/16 0:00
11.44771209,2/13/16 0:00
13.50145299,8/30/12 0:00
6.705960995,8/10/20 0:00
13.50337783,7/16/13 0:00
14.63305154,5/16/17 0:00
16.76044118,6/1/15 0:00
3.69990781,11/20/19 0:00
21.71543659,6/24/20 0:00
0.531535989,3/2/12 0:00
9.590386376,2/28/19 0:00
9.748968016,10/22/19 0:00
12.658752,9/20/18 0:00
7.503058211,10/24/19 0:00
1.407892659,1/21/12 0:00
4.120245034,11/26/12 0:00
12.69368499,9/27/12 0:00
3.078052001,2/18/14 0:00
2.85120199,1/22/16 0:00
2.338421791,4/10/13 0:00
11.25535898,10/27/14 0:00
2.848943862,11/20/12 0:00
4.66032796,12/20/16 0:00
1.307679965,2/7/15 0:00
3.605586471,2/9/13 0:00
9.474569355,5/28/17 0:00
13.86010973,7/6/13 0:00
11.55268648,7/4/20 0:00
3.684901095,1/23/12 0:00
16.17972552,6/1/16 0:00
4.343361869,1/26/14 0:00
26.43035518,9/16/19 0:00
0.086958935,2/22/13 0:00
14.59339055,7/10/12 0:00
15.23451483,3/30/15 0:00
31.19785618,11/2/17 0:00
3.021563058,2/20/17 0:00
7.687544868,2/24/13 0:00
2.147641879,3/26/20 0:00
13.72114761,7/9/11 0:00
25.31879098,7/22/20 0:00
0.121765631,2/12/19 0:00
5.704757831,10/29/13 0:00
12.01566995,10/4/16 0:00
7.944952672,11/7/16 0:00
15.32193105,8/11/15 0:00
8.388389986,6/10/20 0:00
16.33045046,8/5/16 0:00
0.45226391,2/2/14 0:00
6.633218654,1/12/14 0:00
15.74215017,5/19/16 0:00
6.494032501,1/24/18 0:00
14.67007343,3/17/16 0:00
12.15992141,7/5/20 0:00
7.671736807,11/3/14 0:00
17.44958435,6/15/17 0:00
3.300822556,11/25/15 0:00
7.967412015,8/23/18 0:00
14.54879243,9/3/15 0:00
17.13018699,5/13/15 0:00
22.29041023,10/15/19 0:00
35.95412135,10/25/18 0:00
2.616370101,4/27/16 0:00
6.839580497,11/9/12 0:00
2.068000103,10/15/16 0:00
7.453068918,10/31/17 0:00
7.887827281,4/2/19 0:00
14.53624134,8/11/12 0:00
7.846180977,1/28/18 0:00
24.82726962,9/5/19 0:00
16.01877044,8/26/15 0:00
3.448468499,11/20/11 0:00
2.37751774,8/28/14 0:00
12.31867528,9/27/11 0:00
3.253386332,10/1/16 0:00
29.68795918,6/28/19 0:00
2.001802863,3/2/20 0:00
8.47526992,11/17/16 0:00
12.52987609,9/14/12 0:00
7.727873655,3/8/16 0:00
0.2304582,11/16/14 0:00
11.68272573,9/18/12 0:00
23.66537775,6/2/19 0:00
16.12166623,8/10/11 0:00
10.22292465,10/17/16 0:00
3.276981818,1/8/12 0:00
1.291059196,5/25/13 0:00
24.55955966,6/11/17 0:00
12.87053438,7/3/14 0:00
9.703333642,3/5/12 0:00
13.20394885,3/10/14 0:00
6.273746141,10/19/13 0:00
4.403382712,1/16/12 0:00
14.97370325,5/6/16 0:00
1.845655275,3/16/20 0:00
8.236614945,8/22/17 0:00
2.810026582,2/24/12 0:00
6.764984277,5/22/13 0:00
13.0721739,3/29/14 0:00
14.19573368,6/27/12 0:00
29.81199508,7/22/19 0:00
4.206790469,5/17/19 0:00
5.241545247,11/5/12 0:00
1.061117258,2/7/13 0:00
5.028360618,1/30/18 0:00
3.890896292,1/28/20 0:00
1.741850079,1/12/12 0:00
14.37849298,8/19/16 0:00
14.96901398,3/21/16 0:00
7.823451345,9/25/19 0:00
5.632384992,10/4/13 0:00
3.372854583,12/20/15 0:00
8.196398857,2/5/13 0:00
16.65781753,8/8/18 0:00
11.00781671,2/9/16 0:00
14.26173141,8/27/12 0:00
4.494955987,12/10/12 0:00
6.838116738,11/10/11 0:00
3.988312549,11/19/14 0:00
2.994407188,4/24/15 0:00
3.405961921,10/17/20 0:00
15.33215563,7/7/14 0:00
3.266511267,9/16/11 0:00
3.92221935,11/26/14 0:00
10.24817151,10/16/12 0:00
9.015235138,10/11/11 0:00
14.59568553,5/1/13 0:00
22.65949987,8/4/19 0:00
4.651629817,11/2/16 0:00
13.65462924,8/25/13 0:00
0,3/26/17 0:00
5.850109406,2/1/12 0:00
2.798294072,3/27/16 0:00
11.0654553,7/16/19 0:00
14.75037037,7/8/14 0:00
3.877640003,10/7/17 0:00
15.65475029,5/21/14 0:00
15.02219596,6/28/16 0:00
2.342472977,3/31/17 0:00
12.1797298,3/10/15 0:00
15.28269724,8/31/16 0:00
8.175336824,6/20/17 0:00
30.739173,8/7/20 0:00
14.95954656,4/16/16 0:00
1.928619535,1/9/16 0:00
5.532556418,2/15/18 0:00
4.452019095,5/21/20 0:00
14.75434115,4/30/18 0:00
2.174569735,3/29/20 0:00
14.14978908,11/9/18 0:00
2.845736808,1/22/14 0:00
32.66576211,7/13/18 0:00
3.493253196,1/25/12 0:00
15.15197416,3/30/14 0:00
4.631215074,12/8/15 0:00
4.810836683,11/28/15 0:00
2.988813797,1/26/17 0:00
0.579536693,2/14/14 0:00
3.865728965,11/15/14 0:00
28.7585112,2/18/19 0:00
1.938438288,5/1/16 0:00
14.95098881,5/5/18 0:00
4.989921088,10/30/16 0:00
3.618738275,10/5/12 0:00
3.299805882,6/19/18 0:00
2.62025433,3/11/20 0:00
4.028376014,10/10/18 0:00
8.214885249,2/22/16 0:00
8.254024616,10/15/13 0:00
13.98999925,7/22/13 0:00
14.52151735,4/25/18 0:00
9.831663119,1/28/19 0:00
12.14262518,9/4/12 0:00
14.66804727,8/15/12 0:00
1.300341583,2/5/20 0:00
7.206842252,2/6/16 0:00
26.31181499,11/11/17 0:00
13.26214228,7/19/11 0:00
25.76163262,7/26/18 0:00
9.781647669,2/24/15 0:00
13.49031039,7/27/12 0:00
2.737640153,8/12/12 0:00
16.21341929,5/12/15 0:00
13.04831871,4/4/13 0:00
14.92872883,6/24/14 0:00
14.75854431,8/16/16 0:00
16.43506788,5/18/14 0:00
5.565825261,1/30/17 0:00
14.30746495,4/24/17 0:00
11.66578457,9/26/12 0:00
5.912622337,9/17/18 0:00
7.940686549,2/8/15 0:00
2.658716647,10/30/19 0:00
8.399475022,2/10/19 0:00
16.15762216,5/14/16 0:00
3.634037694,2/29/12 0:00
13.21159983,3/9/14 0:00
12.53967975,9/23/15 0:00
8.941260821,5/29/17 0:00
20.10134796,3/2/18 0:00
3.813828438,11/22/12 0:00
4.869043197,12/2/15 0:00
1.803874577,3/11/13 0:00
40.1763871,1/25/19 0:00
10.22640624,7/15/17 0:00
15.37419521,4/2/17 0:00
24.44588626,11/5/17 0:00
4.240650203,1/31/16 0:00
16.91100468,6/14/14 0:00
3.844516828,5/27/19 0:00
15.86435519,4/8/18 0:00
21.78104679,3/20/17 0:00
5.763601589,3/11/18 0:00
28.72639563,9/19/20 0:00
6.28632356,4/8/20 0:00
5.367422294,2/8/18 0:00
14.62546356,3/20/14 0:00
8.671030961,10/13/19 0:00
17.66712161,4/28/15 0:00
6.015785463,5/3/20 0:00
3.981676026,1/13/17 0:00
12.34697836,9/23/17 0:00
12.22377318,8/25/20 0:00
7.451721583,2/15/19 0:00
24.7047051,12/22/17 0:00
13.23645183,9/12/11 0:00
3.460963913,4/25/15 0:00
3.591636635,1/27/12 0:00
14.94491009,5/27/12 0:00
7.365558675,11/6/11 0:00
14.32283877,4/24/18 0:00
4.617040501,9/8/19 0:00
14.94299681,6/27/15 0:00
21.11799255,9/4/19 0:00
13.48958142,8/17/13 0:00
14.17370551,9/12/16 0:00
29.4392299,11/4/19 0:00
14.43308718,5/27/15 0:00
4.222679556,9/12/14 0:00
3.457758662,4/19/13 0:00
8.114881832,6/30/14 0:00
5.383746077,10/19/11 0:00
2.80512618,12/8/16 0:00
19.8277926,8/30/17 0:00
14.10382005,8/3/11 0:00
3.585216137,1/31/17 0:00
33.44227248,9/25/18 0:00
3.789092598,6/22/11 0:00
12.60519583,9/4/13 0:00
11.28878486,4/5/17 0:00
9.272364099,2/11/15 0:00
12.87443395,3/30/18 0:00
18.95843228,5/6/18 0:00
4.715963396,1/20/15 0:00
5.104685084,1/24/12 0:00
8.759752917,10/16/16 0:00
20.8277919,3/19/17 0:00
3.303580158,1/20/13 0:00
14.46605902,8/23/11 0:00
4.351400213,10/26/11 0:00
3.263330479,2/3/16 0:00
13.48159947,8/31/11 0:00
2.614867312,12/15/16 0:00
0.355653348,2/9/14 0:00
11.09230723,2/10/17 0:00
14.91889775,3/29/16 0:00
3.407970169,1/13/12 0:00
13.05192078,6/1/11 0:00
3.816120087,1/11/16 0:00
4.271090436,12/7/14 0:00
7.790389248,2/24/14 0:00
4.578411792,2/16/16 0:00
10.44692769,5/31/11 0:00
23.93983877,8/21/19 0:00
13.93226259,6/16/13 0:00
3.701497925,5/14/15 0:00
12.11254138,8/4/20 0:00
10.4047352,9/17/14 0:00
3.597570182,12/8/11 0:00
1.779237092,4/3/17 0:00
6.844791311,9/12/17 0:00
14.37715837,8/14/14 0:00
2.25445375,10/13/12 0:00
13.97786873,9/19/14 0:00
2.011794373,12/10/16 0:00
5.936239678,10/26/18 0:00
23.08858181,5/20/20 0:00
5.426048865,9/26/17 0:00
17.70567306,11/1/19 0:00
9.650724249,3/18/12 0:00
14.18933328,7/1/13 0:00
12.87204231,7/7/20 0:00
0.463893541,2/16/14 0:00
7.848561353,6/9/19 0:00
4.453550198,12/11/15 0:00
13.35582674,5/25/15 0:00
12.46842836,9/24/17 0:00
10.62855593,2/20/15 0:00
13.11913745,7/6/12 0:00
3.295174112,2/21/15 0:00
3.353439546,11/1/13 0:00
25.99007391,2/26/20 0:00
4.237762525,10/22/12 0:00
13.90360452,4/17/16 0:00
3.980501304,5/28/20 0:00
5.014772852,5/9/19 0:00
23.02169815,6/21/20 0:00
15.99031846,5/23/14 0:00
9.191709406,10/26/15 0:00
23.62581625,8/1/18 0:00
3.376062798,11/12/14 0:00
6.488109067,6/19/20 0:00
7.998385463,2/5/18 0:00
13.69324681,8/26/14 0:00
14.63701216,7/1/11 0:00
2.531167153,10/17/12 0:00
2.114286336,10/24/20 0:00
12.10994162,3/25/12 0:00
3.102334939,3/12/20 0:00
4.457056263,3/1/14 0:00
6.064371661,9/17/15 0:00
12.15740357,3/10/16 0:00
12.96953732,9/10/15 0:00
6.101807146,10/1/20 0:00
2.767482418,6/25/11 0:00
13.61409516,7/18/13 0:00
7.48749443,10/14/11 0:00
5.042760021,3/1/16 0:00
13.46185396,7/24/19 0:00
5.200032254,2/8/12 0:00
7.141815845,1/30/16 0:00
16.09068751,6/24/16 0:00
22.0927172,6/29/20 0:00
1.279740726,1/25/15 0:00
7.475257317,10/23/11 0:00
11.1068222,3/23/19 0:00
6.671793188,7/17/19 0:00
7.85972502,10/16/11 0:00
32.50569752,9/24/18 0:00
2.811448837,4/23/13 0:00
12.25947053,7/17/20 0:00
15.91806029,5/29/14 0:00
5.070623614,11/2/14 0:00
6.393841861,11/4/14 0:00
12.77272398,7/6/20 0:00
6.308912343,5/1/18 0:00
4.700929149,1/24/16 0:00
14.14667539,6/8/12 0:00
13.97765336,6/15/20 0:00
18.78784331,4/13/18 0:00
6.811887488,11/9/14 0:00
10.92768291,7/7/16 0:00
12.35426737,9/22/20 0:00
10.64957056,2/13/15 0:00
3.039532533,5/31/12 0:00
23.82855839,7/27/19 0:00
3.230298816,3/14/19 0:00
17.17955844,3/6/17 0:00
5.960643419,10/21/15 0:00
7.666727281,9/20/17 0:00
4.63042513,11/5/14 0:00
12.17769753,9/20/12 0:00
10.6148408,9/24/13 0:00
8.925549169,3/26/13 0:00
14.53057693,6/26/12 0:00
15.1745742,8/10/15 0:00
8.890418985,10/2/16 0:00
15.15515996,5/21/16 0:00
2.66809179,4/28/17 0:00
8.778452398,3/29/15 0:00
11.29932498,7/9/12 0:00
2.546849447,1/26/12 0:00
13.53491632,8/23/12 0:00
15.04354387,6/4/16 0:00
10.48496428,8/11/16 0:00
4.231289592,1/31/14 0:00
5.557976087,6/22/14 0:00
10.2564202,9/21/17 0:00
3.929990662,6/10/14 0:00
2.889956766,1/27/15 0:00
5.538945258,4/1/20 0:00
8.128868551,2/25/14 0:00
4.433826418,4/29/14 0:00
11.9460113,9/7/20 0:00
13.80300769,8/3/12 0:00
13.69565805,3/17/15 0:00
21.19382855,3/6/18 0:00
2.561310841,2/28/20 0:00
5.242773875,10/2/18 0:00
15.85928263,5/3/14 0:00
12.35058584,3/28/13 0:00
2.774851794,1/24/14 0:00
5.149072961,10/1/14 0:00
10.27806371,2/16/17 0:00
10.76394392,7/20/12 0:00
10.93364843,10/19/14 0:00
4.583876871,10/27/16 0:00
2.399298631,7/5/14 0:00
8.598391513,9/7/16 0:00
10.38305171,7/25/14 0:00
13.84518797,4/4/16 0:00
5.247843577,10/30/11 0:00
2.278131455,10/18/12 0:00
17.866572,3/5/17 0:00
23.19732294,9/14/17 0:00
22.25096059,5/14/20 0:00
4.50135355,11/8/13 0:00
12.1494019,8/13/20 0:00
11.94525472,9/25/17 0:00
7.712376748,10/14/20 0:00
6.636359766,11/2/12 0:00
11.59989427,9/12/12 0:00
5.00864156,10/23/12 0:00
14.51778819,6/13/16 0:00
12.86027724,3/27/13 0:00
15.16570194,4/15/16 0:00
13.80206064,7/2/19 0:00
13.62574686,7/25/12 0:00
8.733605599,9/29/15 0:00
8.161589269,10/11/18 0:00
6.252101921,2/5/16 0:00
23.25042843,10/29/17 0:00
13.2189262,3/12/14 0:00
4.607905861,10/24/14 0:00
2.606723967,5/2/13 0:00
11.63293094,3/8/15 0:00
4.423008778,2/17/16 0:00
17.90738816,5/27/18 0:00
0.857311612,8/26/12 0:00
14.92635514,7/30/14 0:00
4.474505995,8/26/19 0:00
11.24144237,9/24/16 0:00
14.56483629,6/2/14 0:00
2.315176516,6/22/15 0:00
13.05006073,8/26/13 0:00
12.83010678,3/16/15 0:00
26.93468837,8/13/19 0:00
22.54060982,3/9/18 0:00
23.38984178,7/2/20 0:00
6.319242726,8/17/18 0:00
9.860191389,2/22/14 0:00
12.43314436,7/10/18 0:00
38.39109108,5/31/20 0:00
20.61347252,6/16/17 0:00
8.151003562,2/21/12 0:00
10.62521843,9/6/20 0:00
12.60124221,6/27/18 0:00
23.5608856,2/19/20 0:00
10.37718848,3/16/12 0:00
13.5957517,7/23/12 0:00
3.022085204,4/26/17 0:00
6.539543115,2/26/19 0:00
3.842040903,9/30/16 0:00
12.75827001,9/15/20 0:00
4.985202692,1/24/13 0:00
20.54979978,4/11/17 0:00
2.589340395,9/15/13 0:00
36.11319822,2/17/19 0:00
2.712724485,8/30/11 0:00
15.41127644,4/9/18 0:00
9.874393603,2/16/15 0:00
16.77054119,6/16/18 0:00
12.36539343,9/1/13 0:00
12.29080476,10/4/14 0:00
28.3146958,6/22/20 0:00
0.070345497,2/27/13 0:00
8.436106097,2/29/16 0:00
14.44946261,5/30/16 0:00
14.83257097,4/28/13 0:00
13.27362201,8/3/13 0:00
13.60343042,8/12/20 0:00
4.934211487,10/6/16 0:00
13.51536893,3/29/13 0:00
7.478224609,10/23/13 0:00
6.805961797,9/4/18 0:00
17.84874173,11/1/18 0:00
5.56637248,10/8/18 0:00
7.995741299,10/13/17 0:00
30.18453883,2/17/18 0:00
13.96849016,9/15/15 0:00
12.05102037,8/3/20 0:00
4.377991788,7/20/20 0:00
4.247294664,3/2/17 0:00
6.566786151,2/18/16 0:00
2.922834891,6/9/11 0:00
2.242439191,1/31/15 0:00
6.863375849,9/9/17 0:00
8.796507354,10/9/19 0:00
6.896970176,2/15/12 0:00
7.896399255,9/20/14 0:00
1.460224102,3/14/20 0:00
22.60775042,5/29/20 0:00
12.94655554,7/12/15 0:00
8.725878184,9/28/20 0:00
12.80578032,6/24/12 0:00
11.90105566,9/7/19 0:00
7.081397938,7/24/15 0:00
21.90719775,4/10/19 0:00
18.28263979,6/26/20 0:00
13.67575827,8/29/14 0:00
13.00872507,8/7/17 0:00
2.894189958,2/15/16 0:00
2.281169118,2/26/13 0:00
14.02407523,6/20/16 0:00
12.62656476,8/29/12 0:00
8.055217421,5/6/20 0:00
2.509716614,5/9/16 0:00
11.88144655,8/25/14 0:00
13.26519301,9/14/16 0:00
0,3/28/17 0:00
6.316040944,10/20/15 0:00
4.165275479,2/10/12 0:00
14.30757719,7/2/12 0:00
9.052944176,9/30/14 0:00
6.188014037,7/19/18 0:00
34.94921913,11/6/17 0:00
20.13209889,10/15/17 0:00
14.04503746,9/1/14 0:00
7.966057781,3/29/19 0:00
12.77028448,7/18/12 0:00
2.813930435,3/19/14 0:00
3.359227784,2/25/15 0:00
8.596683738,10/26/17 0:00
22.09973837,5/9/18 0:00
1.840470683,5/19/17 0:00
7.420689244,9/5/17 0:00
9.087808027,2/25/19 0:00
2.937939173,3/25/20 0:00
6.943776348,9/15/17 0:00
14.97298596,7/21/14 0:00
10.96368552,7/26/15 0:00
15.09138642,7/3/20 0:00
8.879365175,3/2/16 0:00
14.10587711,3/31/13 0:00
3.272056956,4/29/12 0:00
0,3/24/17 0:00
24.34495489,4/7/20 0:00
13.04305832,9/10/11 0:00
20.79307823,7/27/18 0:00
7.478732677,4/8/17 0:00
10.39673054,10/14/16 0:00
7.05236972,10/3/16 0:00
13.69895349,5/31/14 0:00
12.7379449,6/4/20 0:00
7.704578005,2/22/12 0:00
4.479666282,5/12/18 0:00
1.570248322,2/28/13 0:00
4.268713296,5/11/14 0:00
4.976079384,4/12/20 0:00
16.34621293,5/30/19 0:00
11.87504201,3/8/13 0:00
7.524194313,10/3/14 0:00
5.790050392,2/21/18 0:00
1.915154786,2/8/13 0:00
11.99664445,3/20/12 0:00
4.587375386,9/22/16 0:00
4.005938146,5/20/15 0:00
5.084824509,2/9/12 0:00
4.44030354,10/17/14 0:00
6.460000364,4/7/19 0:00
8.610120938,2/25/13 0:00
9.161093708,3/2/15 0:00
11.06644162,3/6/16 0:00
24.37101253,4/13/19 0:00
5.584285818,9/17/12 0:00
12.88080186,7/29/12 0:00
3.737631336,4/28/12 0:00
5.761004573,4/20/16 0:00
14.14486854,6/19/13 0:00
5.449417126,5/10/20 0:00
2.556971334,2/23/19 0:00
6.120164381,3/21/17 0:00
14.53602046,7/4/18 0:00
12.72151991,7/17/12 0:00
9.83046797,10/22/15 0:00
2.936556735,4/24/14 0:00
6.134368158,8/31/19 0:00
19.27648005,3/8/17 0:00
13.36491961,5/7/13 0:00
20.52552004,6/3/17 0:00
5.660283615,9/8/11 0:00
18.65847486,4/24/20 0:00
3.758763568,7/19/16 0:00
6.186315769,9/9/19 0:00
12.88906434,4/4/12 0:00
22.1080044,7/26/19 0:00
21.18809592,4/17/20 0:00
8.540833544,6/8/18 0:00
2.990824619,4/10/16 0:00
10.69107304,3/17/13 0:00
9.376627952,2/26/16 0:00
15.62055987,8/6/16 0:00
12.59703394,4/1/14 0:00
43.78684693,9/20/19 0:00
3.334556663,4/19/12 0:00
13.28920063,7/4/19 0:00
2.442353328,3/22/20 0:00
15.27222333,4/1/19 0:00
4.24176873,2/8/16 0:00
9.226617092,9/21/12 0:00
11.38938694,8/19/12 0:00
4.150456447,3/15/16 0:00
13.96441617,7/24/14 0:00
12.8189288,8/17/16 0:00
13.22148501,5/13/19 0:00
2.715467928,5/3/13 0:00
8.230501554,5/30/17 0:00
12.18094641,9/23/14 0:00
6.80334159,10/30/15 0:00
17.8787874,8/13/18 0:00
13.07225338,9/19/13 0:00
11.43732034,5/23/13 0:00
11.3170432,7/26/13 0:00
14.21657638,7/8/12 0:00
2.845096473,4/18/13 0:00
6.487962883,6/12/18 0:00
4.864005714,2/9/15 0:00
15.95784602,4/22/20 0:00
16.88563156,7/21/20 0:00
11.13592741,3/17/12 0:00
7.293628109,10/3/13 0:00
9.574667156,10/2/17 0:00
13.77348295,7/18/14 0:00
13.59412175,8/11/20 0:00
11.39188505,9/17/20 0:00
13.41636901,3/18/16 0:00
2.79429976,3/20/20 0:00
8.599759369,3/28/18 0:00
12.14700536,4/27/18 0:00
30.19553808,9/1/20 0:00
14.88856395,5/11/12 0:00
7.296364824,8/30/18 0:00
2.014617318,2/28/18 0:00
7.411298884,10/28/16 0:00
3.827882337,3/17/18 0:00
22.0551859,5/26/20 0:00
14.1375756,6/5/20 0:00
13.31813008,7/4/12 0:00
7.396322686,3/1/15 0:00
10.04685205,4/17/19 0:00
3.208868805,4/11/13 0:00
2.514059727,4/13/12 0:00
13.43382581,4/2/15 0:00
14.2943321,8/14/12 0:00
9.030851731,3/18/17 0:00
0.030170168,3/5/13 0:00
11.19273002,8/6/11 0:00
4.810444986,4/23/14 0:00
14.77979827,4/30/13 0:00
6.587174584,10/6/12 0:00
2.64848405,2/21/13 0:00
10.10594521,9/22/11 0:00
15.24487382,7/31/14 0:00
10.77802431,9/5/13 0:00
4.095552368,4/12/13 0:00
12.15240715,8/9/16 0:00
13.70869391,7/16/20 0:00
7.859946206,10/9/18 0:00
12.5056635,7/5/18 0:00
3.943046325,10/31/18 0:00
14.5653797,7/27/14 0:00
10.29663798,10/2/20 0:00
12.83894913,4/12/12 0:00
11.95857711,4/3/13 0:00
6.980366263,9/3/17 0:00
6.541657774,7/23/11 0:00
13.13684646,3/22/14 0:00
7.540858687,10/31/16 0:00
13.86053009,7/25/17 0:00
11.22633506,9/16/20 0:00
12.17945833,3/15/14 0:00
10.54924439,8/3/17 0:00
15.64858497,6/10/16 0:00
11.86654207,9/8/16 0:00
5.342271573,5/9/13 0:00
5.576452973,4/16/20 0:00
4.846083652,3/24/12 0:00
11.50877089,9/16/12 0:00
5.830538194,10/4/15 0:00
9.88081586,9/14/11 0:00
14.03824906,8/2/14 0:00
14.93888657,5/15/17 0:00
2.159407124,3/24/16 0:00
16.72756797,7/19/17 0:00
27.48955075,2/28/17 0:00
13.97668864,4/8/13 0:00
14.27959373,9/7/15 0:00
5.866558272,4/12/19 0:00
12.59394699,4/23/12 0:00
7.731436744,2/23/16 0:00
13.37156337,8/2/11 0:00
12.54234465,8/13/11 0:00
3.472904078,3/22/12 0:00
18.3322519,3/10/17 0:00
13.6687328,7/22/11 0:00
0.434795249,3/18/13 0:00
11.16905885,9/12/19 0:00
0.099252087,2/20/19 0:00
4.015977521,10/4/12 0:00
13.42111967,5/5/19 0:00
4.734925226,10/20/11 0:00
6.753351837,2/21/16 0:00
11.8651827,9/1/11 0:00
6.193945909,2/10/16 0:00
15.17053728,9/1/16 0:00
11.53671929,9/15/16 0:00
38.45033897,8/2/20 0:00
13.10987185,7/10/19 0:00
13.14951267,4/24/12 0:00
14.83943197,8/14/15 0:00
14.85140428,5/16/19 0:00
14.62870553,5/19/20 0:00
3.216623643,4/3/14 0:00
12.0225998,9/21/20 0:00
12.82313184,6/18/20 0:00
7.859375664,3/1/12 0:00
13.90540398,5/9/17 0:00
11.22968492,10/8/15 0:00
6.442716982,9/28/11 0:00
3.867386327,4/28/14 0:00
12.14223545,7/13/15 0:00
11.83027675,6/24/11 0:00
7.949371813,9/23/16 0:00
4.918685816,2/15/15 0:00
10.43080618,3/19/12 0:00
4.490348235,5/4/13 0:00
4.015119083,3/13/19 0:00
4.93095781,3/5/16 0:00
11.9031677,4/13/13 0:00
13.25399674,5/7/17 0:00
12.29942061,6/5/12 0:00
26.41624082,5/10/18 0:00
3.507510975,4/7/12 0:00
3.765209553,3/8/19 0:00
5.643830574,10/18/11 0:00
11.6442932,7/27/13 0:00
9.854187963,2/28/14 0:00
8.39509949,10/13/18 0:00
12.47001368,7/29/20 0:00
5.233265344,2/28/15 0:00
13.00740415,4/2/12 0:00
14.97038155,8/30/20 0:00
0.125724663,3/24/13 0:00
14.05304443,7/17/14 0:00
14.74109222,7/10/15 0:00
11.81667106,8/24/20 0:00
7.052474418,10/25/11 0:00
5.795338742,2/25/20 0:00
4.664302201,5/17/20 0:00
7.204833676,10/1/19 0:00
4.246540394,5/20/18 0:00
9.720763338,8/18/19 0:00
12.70448887,7/5/19 0:00
4.288263837,10/24/13 0:00
8.308957119,2/11/17 0:00
13.14649198,8/22/12 0:00
15.10420238,6/6/14 0:00
13.36242173,5/10/19 0:00
14.38408077,8/13/15 0:00
24.54673212,3/16/17 0:00
43.56045654,9/12/20 0:00
8.981711666,10/19/15 0:00
13.88530402,7/19/12 0:00
13.4672646,6/20/13 0:00
8.861517093,9/21/14 0:00
9.459776027,8/13/12 0:00
11.26819316,8/8/19 0:00
5.715932321,4/29/19 0:00
9.3651621,3/26/12 0:00
6.767733112,5/19/18 0:00
0,3/27/17 0:00
8.491938124,2/28/16 0:00
16.3901783,8/16/15 0:00
4.76876348,3/23/15 0:00
14.02208684,5/15/12 0:00
3.515686273,10/24/17 0:00
12.97231924,6/3/11 0:00
12.25995059,8/29/20 0:00
14.29152846,5/18/12 0:00
7.231690868,8/11/18 0:00
14.5400581,4/17/15 0:00
27.20605308,3/12/19 0:00
12.16275662,4/25/16 0:00
4.874045876,3/4/16 0:00
13.91193654,8/10/16 0:00
7.31693822,2/25/16 0:00
2.813933521,2/24/20 0:00
12.72949603,8/28/12 0:00
11.84570531,8/17/11 0:00
7.514683098,9/18/17 0:00
6.795612824,9/23/11 0:00
5.591452625,5/1/17 0:00
13.84199237,6/6/11 0:00
12.95176949,7/31/19 0:00
4.379014153,10/17/11 0:00
13.05199599,6/1/12 0:00
15.72480619,4/26/14 0:00
10.36075412,4/10/18 0:00
15.13518049,5/5/14 0:00
7.747570612,9/1/19 0:00
5.234092553,4/1/18 0:00
15.47213962,4/5/14 0:00
8.07819683,5/26/19 0:00
13.20441905,4/21/13 0:00
17.34834387,7/16/17 0:00
9.555579006,6/19/17 0:00
13.1565508,4/23/16 0:00
11.56332164,8/1/17 0:00
3.091467605,3/15/20 0:00
8.794238499,5/13/16 0:00
16.07489994,10/23/17 0:00
14.46242981,6/8/15 0:00
10.8681633,8/19/19 0:00
13.77460201,4/20/18 0:00
14.76934125,4/19/14 0:00
8.878761209,9/5/14 0:00
6.014440552,10/3/17 0:00
4.590527286,3/16/13 0:00
10.34943562,6/10/13 0:00
4.048363423,5/24/15 0:00
8.629014857,6/13/11 0:00
12.14476367,6/30/12 0:00
23.50497166,7/22/18 0:00
6.219410584,10/9/12 0:00
3.581979636,3/30/13 0:00
21.83430989,7/18/19 0:00
4.758272446,3/7/19 0:00
13.42469474,5/17/12 0:00
15.1443961,4/26/18 0:00
12.12398202,4/8/16 0:00
8.629268997,8/14/17 0:00
16.8573732,4/15/18 0:00
3.718976897,6/16/19 0:00
6.054583617,4/18/19 0:00
16.52082292,8/14/19 0:00
7.26396355,4/9/20 0:00
4.079279197,8/20/14 0:00
7.490017198,3/14/16 0:00
4.677569224,8/18/15 0:00
8.38070654,7/9/13 0:00
12.69030857,5/6/15 0:00
7.813327184,3/1/13 0:00
14.71878612,5/20/13 0:00
4.316909975,5/29/11 0:00
16.01740755,4/29/15 0:00
13.40176625,5/14/17 0:00
5.59124392,6/28/15 0:00
30.4963406,5/22/19 0:00
12.43710968,7/14/15 0:00
9.723727746,10/10/14 0:00
4.790945495,3/1/20 0:00
23.26525489,5/28/18 0:00
10.08528984,10/6/15 0:00
13.0230675,7/19/13 0:00
5.970713341,9/28/16 0:00
8.224951609,9/16/13 0:00
21.66698449,2/23/18 0:00
5.6203813,6/23/11 0:00
2.996941324,6/2/11 0:00
6.113371711,8/9/15 0:00
7.855337885,6/19/14 0:00
30.24129366,7/20/19 0:00
15.51880622,4/6/19 0:00
8.343422056,6/7/18 0:00
7.221055387,6/23/18 0:00
5.061224119,5/1/14 0:00
10.95330374,5/13/13 0:00
2.723114229,8/27/17 0:00
12.6267603,9/20/11 0:00
11.52479742,7/6/19 0:00
7.425940342,5/3/19 0:00
13.55839135,3/26/14 0:00
12.67738751,5/8/12 0:00
7.596442445,4/16/17 0:00
6.800860487,8/18/17 0:00
4.822211765,4/21/14 0:00
13.82569224,6/7/12 0:00
18.92036318,4/4/19 0:00
6.428818089,5/25/19 0:00
22.52032153,6/23/20 0:00
6.094968286,3/12/12 0:00
5.715333623,10/5/13 0:00
11.20620567,9/14/20 0:00
21.20205338,4/15/19 0:00
6.031216567,6/2/18 0:00
16.02985943,5/28/15 0:00
15.54346089,4/16/15 0:00
8.853289307,6/9/17 0:00
5.297365403,10/20/13 0:00
8.092576078,4/20/15 0:00
9.110561562,10/10/11 0:00
8.21249198,7/17/18 0:00
7.430393641,5/12/14 0:00
5.117694291,7/6/15 0:00
13.56368706,5/25/20 0:00
10.14239775,9/13/19 0:00
9.107688608,9/24/11 0:00
11.29877182,7/26/11 0:00
13.62973838,9/24/12 0:00
11.85652793,5/12/16 0:00
5.51410527,10/25/16 0:00
12.68286349,8/20/19 0:00
25.73113029,7/18/20 0:00
9.352456681,6/24/19 0:00
10.50748247,8/17/19 0:00
10.22334097,9/7/13 0:00
4.730074806,3/24/15 0:00
14.20477187,6/17/12 0:00
14.66679744,7/1/14 0:00
18.89940048,6/15/19 0:00
4.631372347,3/12/13 0:00
8.185248996,9/25/16 0:00
19.39064277,7/12/18 0:00
7.560762857,5/23/20 0:00
24.16945372,3/30/19 0:00
8.652929676,6/26/18 0:00
16.78111419,8/29/17 0:00
6.956170365,8/18/18 0:00
28.57826746,6/27/20 0:00
5.676327974,4/30/12 0:00
11.40450505,8/12/13 0:00
4.831579402,10/5/17 0:00
14.53849605,6/25/16 0:00
8.293293294,6/13/17 0:00
6.511374294,3/4/12 0:00
5.944196806,5/19/19 0:00
16.1762411,4/21/15 0:00
5.214344131,3/16/18 0:00
8.979354981,10/10/16 0:00
10.16666476,4/24/19 0:00
33.60358295,10/3/19 0:00
12.9889555,7/18/11 0:00
33.19585513,9/14/19 0:00
11.40472634,6/5/11 0:00
5.094746451,5/10/13 0:00
12.28551962,6/4/17 0:00
15.43350247,4/16/14 0:00
11.42201723,8/28/16 0:00
5.087781445,7/16/15 0:00
10.41388173,5/3/15 0:00
13.00888171,8/23/16 0:00
4.590605859,6/12/15 0:00
22.64847193,5/11/18 0:00
25.14679852,8/31/20 0:00
9.947978893,5/21/17 0:00
14.44767843,8/24/16 0:00
6.301615643,6/14/17 0:00
29.90613701,9/17/19 0:00
12.07159953,6/22/16 0:00
9.703253919,9/9/14 0:00
11.82721258,4/3/15 0:00
12.57642699,7/17/11 0:00
5.788941023,8/31/18 0:00
11.8363422,3/22/18 0:00
5.970192656,5/22/11 0:00
13.45014854,7/1/12 0:00
12.46255027,7/22/14 0:00
13.31648448,7/9/20 0:00
12.08553008,8/17/14 0:00
13.16419771,6/7/11 0:00
12.3836917,7/28/19 0:00
14.02458223,6/14/12 0:00
15.34382812,7/14/14 0:00
3.867151577,10/18/13 0:00
5.472818912,5/1/19 0:00
13.48174804,8/7/13 0:00
1.099290962,3/2/14 0:00
8.203029751,3/18/14 0:00
15.55752734,7/29/14 0:00
14.14500602,6/20/19 0:00
12.71722711,6/1/14 0:00
13.85036552,5/19/15 0:00
7.072400211,3/18/18 0:00
9.164057354,9/27/17 0:00
5.101466769,9/16/17 0:00
3.57189966,2/14/12 0:00
30.42203335,4/28/20 0:00
12.65282202,8/20/11 0:00
6.663419867,5/20/17 0:00
3.885652106,8/27/18 0:00
7.867361189,5/15/11 0:00
14.10518924,6/26/16 0:00
6.748711964,10/19/16 0:00
21.11089557,7/1/18 0:00
14.31043337,7/3/12 0:00
10.05075176,9/18/13 0:00
12.81229921,7/21/11 0:00
16.29485822,6/23/16 0:00
6.772676442,4/26/16 0:00
4.022597479,4/8/15 0:00
32.84916852,9/20/20 0:00
7.19556433,6/26/14 0:00
41.24510935,9/19/19 0:00
5.30360682,4/15/13 0:00
9.86639006,3/31/14 0:00
4.76838058,9/19/17 0:00
11.77162917,6/26/19 0:00
6.814821634,4/14/20 0:00
6.901323054,3/7/16 0:00
6.85935832,8/10/18 0:00
10.47061075,3/22/15 0:00
22.59335992,7/25/18 0:00
7.231814616,4/3/19 0:00
14.30326004,8/1/15 0:00
7.288518724,5/2/12 0:00
5.094823109,9/1/18 0:00
8.87015042,9/3/19 0:00
12.74665575,9/9/16 0:00
5.418239043,8/19/15 0:00
5.286006323,4/4/14 0:00
8.01093567,3/20/19 0:00
7.453552652,9/29/20 0:00
13.02236349,7/26/12 0:00
9.080228809,8/11/14 0:00
4.365846744,4/19/16 0:00
5.532207788,9/17/17 0:00
21.36979013,7/3/18 0:00
15.25046899,7/28/14 0:00
21.05599378,5/12/20 0:00
10.42419897,6/4/12 0:00
11.21338899,4/16/19 0:00
5.214992107,9/6/17 0:00
21.90389579,7/27/17 0:00
38.88200306,3/19/19 0:00
8.762185518,8/29/16 0:00
7.699427421,4/9/15 0:00
11.36634101,8/31/13 0:00
7.389363283,6/15/11 0:00
7.459412859,10/4/17 0:00
12.09652293,3/20/16 0:00
9.907697154,7/21/17 0:00
13.18096589,9/4/14 0:00
4.920270302,8/29/15 0:00
11.38585184,3/29/18 0:00
12.23346347,3/21/14 0:00
10.15976457,8/20/16 0:00
9.554059135,3/7/14 0:00
13.09931889,8/22/15 0:00
12.05623465,8/16/13 0:00
16.96141885,6/14/19 0:00
13.19134872,5/30/11 0:00
6.24018734,8/8/15 0:00
5.237544361,3/12/16 0:00
12.08088255,8/30/14 0:00
20.14270076,4/5/19 0:00
23.98874936,6/11/19 0:00
5.917101067,8/4/12 0:00
5.450645607,4/20/20 0:00
13.7962136,7/16/14 0:00
8.893058156,6/18/14 0:00
10.86203783,4/5/13 0:00
9.011954394,10/5/14 0:00
10.34677377,5/24/11 0:00
7.890807389,8/15/18 0:00
10.50832705,3/15/15 0:00
11.66687536,7/15/13 0:00
5.512545028,6/24/15 0:00
5.062944869,5/28/11 0:00
3.616139353,3/24/20 0:00
6.713086615,3/25/15 0:00
12.90133155,5/7/14 0:00
10.60280744,5/26/17 0:00
13.57074061,4/10/17 0:00
14.31148386,9/10/16 0:00
18.03664637,6/25/17 0:00
7.188041498,4/22/16 0:00
12.22772058,5/15/18 0:00
14.73692544,9/6/18 0:00
3.155822458,3/3/12 0:00
8.397214431,3/4/13 0:00
13.27642281,7/28/16 0:00
19.45467776,5/4/20 0:00
5.880739454,10/5/15 0:00
9.483234369,6/30/16 0:00
12.87213016,4/13/15 0:00
29.46167683,3/27/18 0:00
3.424797909,3/7/13 0:00
26.15164923,5/30/18 0:00
1.372989573,3/9/19 0:00
10.98984747,6/27/13 0:00
5.598404049,3/28/14 0:00
9.561911579,9/27/15 0:00
14.60937638,7/3/15 0:00
5.860144706,9/17/11 0:00
6.486198657,4/9/13 0:00
14.21161139,4/14/15 0:00
10.22391435,9/24/15 0:00
27.90098048,7/13/17 0:00
6.865390955,4/6/16 0:00
15.14648261,7/12/16 0:00
10.2655755,4/23/19 0:00
14.2124999,5/11/13 0:00
11.61842639,3/31/18 0:00
14.18101304,7/5/16 0:00
12.58640609,3/13/15 0:00
5.246285007,9/3/18 0:00
8.791188894,3/25/19 0:00
28.86132525,6/26/17 0:00
6.113576904,4/6/13 0:00
4.381560819,10/12/11 0:00
11.75534998,6/22/13 0:00
6.625733447,7/3/17 0:00
10.66647866,5/21/11 0:00
9.513406994,3/31/12 0:00
4.602620907,7/2/14 0:00
10.13759077,9/21/18 0:00
23.2080642,3/26/18 0:00
5.555081963,4/6/15 0:00
6.056478012,8/7/14 0:00
12.57154756,8/4/14 0:00
4.445975086,8/26/18 0:00
26.98346186,9/10/19 0:00
13.88976642,5/30/14 0:00
6.880318197,10/1/12 0:00
5.137372973,3/8/14 0:00
7.859435361,8/22/20 0:00
22.76636975,7/20/17 0:00
10.71962359,8/27/16 0:00
12.24043156,9/2/11 0:00
3.140962234,3/23/20 0:00
13.85095302,8/16/11 0:00
14.09254777,8/8/16 0:00
33.28677953,4/23/20 0:00
11.38535604,9/23/20 0:00
21.48843391,4/18/17 0:00
12.68747936,5/16/13 0:00
12.70191609,5/28/16 0:00
11.15038954,9/15/14 0:00
12.69796005,6/28/12 0:00
6.425420261,4/12/17 0:00
14.24280732,8/6/15 0:00
5.809046903,4/29/16 0:00
6.211200358,6/20/18 0:00
31.23886185,7/23/18 0:00
14.43430885,5/3/16 0:00
7.617156385,4/12/15 0:00
13.14847881,7/22/16 0:00
5.434578489,8/17/17 0:00
36.9423756,9/15/19 0:00
4.646683389,3/9/17 0:00
9.752722355,4/21/12 0:00
6.943919775,3/28/19 0:00
14.07886707,6/17/13 0:00
4.697850224,9/17/13 0:00
11.77887202,5/24/12 0:00
6.511495278,8/23/14 0:00
10.79199124,5/9/14 0:00
11.06858687,3/9/16 0:00
10.44775061,3/6/14 0:00
7.306380309,5/11/16 0:00
10.18372995,8/10/17 0:00
10.23375882,9/2/19 0:00
9.726793813,7/3/19 0:00
6.787109241,8/12/18 0:00
11.41767675,4/12/18 0:00
8.020971213,4/11/18 0:00
8.16063455,8/3/18 0:00
4.782078778,3/10/18 0:00
7.089182153,3/26/16 0:00
4.639679634,8/22/13 0:00
6.161760263,7/10/16 0:00
5.269931011,3/13/17 0:00
6.379975881,7/15/18 0:00
6.982865202,4/15/20 0:00
18.80247159,4/2/20 0:00
3.852557236,3/12/17 0:00
4.378462061,5/30/15 0:00
12.66870333,8/20/13 0:00
8.553929872,6/3/20 0:00
5.003165819,6/22/18 0:00
12.88196754,7/29/13 0:00
13.99765075,7/15/12 0:00
3.991021588,5/26/13 0:00
12.88097855,8/11/13 0:00
12.01172614,8/7/15 0:00
7.221552083,7/4/16 0:00
10.77258737,6/21/11 0:00
7.614403397,4/16/13 0:00
14.95705668,5/23/16 0:00
13.00911994,7/2/13 0:00
14.925941,5/29/19 0:00
6.485002113,6/6/18 0:00
12.44825346,7/18/15 0:00
6.322564463,5/24/19 0:00
9.636344727,7/19/20 0:00
7.533646555,3/14/12 0:00
10.20894476,3/23/13 0:00
11.43584141,7/8/11 0:00
8.311113211,9/24/20 0:00
0.682313117,3/6/13 0:00
3.908095639,3/5/14 0:00
14.58515574,6/29/16 0:00
6.82792856,3/30/16 0:00
14.96257755,8/6/18 0:00
10.26600612,7/18/18 0:00
11.43410535,5/2/14 0:00
7.976594667,4/2/14 0:00
10.67859773,9/8/14 0:00
11.40150648,7/18/16 0:00
8.636990391,6/22/19 0:00
12.52280507,5/8/16 0:00
25.59852301,4/20/17 0:00
19.31848163,5/6/19 0:00
13.76677384,6/10/15 0:00
27.61161872,5/7/19 0:00
13.25412462,5/29/18 0:00
10.25743105,9/16/16 0:00
9.694002615,7/24/13 0:00
6.600956557,4/21/16 0:00
14.58628893,6/12/16 0:00
13.16216076,5/5/12 0:00
5.649442192,7/2/17 0:00
12.01435279,8/8/11 0:00
14.20486646,6/9/16 0:00
9.906582518,9/18/20 0:00
5.331308575,6/7/14 0:00
12.01595178,8/16/19 0:00
7.453231762,3/18/15 0:00
13.07556879,4/27/14 0:00
8.86967972,4/25/19 0:00
12.09209309,7/25/13 0:00
11.90349117,3/27/19 0:00
12.09286225,4/7/13 0:00
9.084132474,5/2/18 0:00
9.4483641,9/25/15 0:00
20.51614235,3/19/18 0:00
13.83722187,5/22/15 0:00
15.50799931,6/11/14 0:00
11.97777704,6/16/14 0:00
7.737815511,7/24/11 0:00
20.15056176,4/2/18 0:00
12.92709669,7/9/15 0:00
6.906311606,9/10/14 0:00
11.4412309,4/3/12 0:00
32.01239989,8/5/20 0:00
5.373820585,6/11/15 0:00
5.869317132,9/24/14 0:00
9.82817182,8/17/15 0:00
7.018410574,6/6/13 0:00
15.27497333,6/9/14 0:00
14.18447507,7/19/14 0:00
14.64167995,6/1/19 0:00
12.05799729,5/7/15 0:00
6.687853886,9/11/13 0:00
8.900084719,6/25/15 0:00
32.47757333,9/11/19 0:00
10.50433819,4/27/13 0:00
13.90633657,9/1/15 0:00
12.84262877,7/31/20 0:00
11.82335363,8/18/12 0:00
10.70176301,9/25/11 0:00
13.50555192,5/23/12 0:00
10.77932229,3/24/14 0:00
11.98283839,8/2/17 0:00
9.995106809,8/25/19 0:00
6.375757446,8/28/17 0:00
13.178985,7/20/14 0:00
17.52624653,7/29/18 0:00
11.60829121,8/24/19 0:00
6.561752556,6/4/14 0:00
11.73449828,8/21/13 0:00
10.61113134,6/1/13 0:00
14.44589586,5/6/14 0:00
8.520369721,6/12/17 0:00
4.439284077,5/10/15 0:00
5.756448047,4/27/17 0:00
4.251304326,3/21/20 0:00
37.95262976,8/6/20 0:00
19.375745,6/27/19 0:00
19.73631849,8/7/18 0:00
26.71148114,3/20/18 0:00
6.536724841,6/9/18 0:00
18.27205992,3/11/17 0:00
11.72248209,7/30/12 0:00
12.55568853,4/14/17 0:00
12.78010633,8/1/11 0:00
12.48499227,5/8/17 0:00
10.78575792,5/28/12 0:00
8.532134934,8/28/11 0:00
13.28347497,8/13/13 0:00
8.362908998,3/11/12 0:00
8.628240686,9/21/16 0:00
12.86542839,6/26/11 0:00
13.17103178,5/4/12 0:00
6.563001142,5/3/18 0:00
19.0385176,6/30/20 0:00
18.52541575,4/21/18 0:00
5.722002262,9/2/18 0:00
10.74131831,5/21/13 0:00
5.562314392,3/15/13 0:00
10.58050489,9/2/15 0:00
13.78476013,8/1/14 0:00
11.43215924,4/7/14 0:00
13.21314636,6/16/11 0:00
6.992955461,4/6/18 0:00
6.026785069,4/30/14 0:00
19.80000479,5/13/20 0:00
25.19250174,7/30/18 0:00
11.74737319,8/12/11 0:00
3.266459913,6/21/17 0:00
13.97965442,5/9/12 0:00
4.555713487,6/12/19 0:00
14.93460801,4/20/14 0:00
8.239139665,4/22/19 0:00
4.312054061,4/14/14 0:00
24.40570828,5/27/20 0:00
8.517045276,4/1/16 0:00
10.23697945,6/2/12 0:00
6.703803207,5/2/16 0:00
9.045158944,3/19/16 0:00
21.61803258,7/25/20 0:00
6.634214414,3/23/18 0:00
7.547781301,5/22/20 0:00
3.993829913,5/25/11 0:00
10.53943282,4/25/17 0:00
6.019336742,4/5/16 0:00
12.55280338,7/12/12 0:00
9.155871264,9/20/13 0:00
10.22279729,4/16/12 0:00
26.44182804,4/22/18 0:00
4.824072202,5/2/20 0:00
5.343437875,6/4/13 0:00
26.29201255,7/31/18 0:00
4.958505512,5/1/12 0:00
15.27467698,8/9/14 0:00
9.258590539,5/8/13 0:00
6.688447774,5/7/20 0:00
12.53714803,5/1/15 0:00
5.753568247,3/30/12 0:00
6.716159028,3/11/14 0:00
4.434111273,8/21/14 0:00
12.81588721,8/3/16 0:00
13.53478347,4/26/13 0:00
14.53835815,6/25/18 0:00
9.444796185,5/31/13 0:00
11.79587643,4/21/17 0:00
13.62198537,6/16/12 0:00
8.456589318,5/23/18 0:00
4.833343126,6/26/15 0:00
8.6783441,4/13/17 0:00
27.12306656,8/1/20 0:00
8.171160646,4/5/18 0:00
6.095082055,6/17/17 0:00
8.757179731,5/10/16 0:00
8.864577944,7/20/15 0:00
19.1416475,7/21/19 0:00
7.019753096,5/8/15 0:00
12.27656335,8/14/13 0:00
13.37518414,5/4/14 0:00
10.40706366,8/16/12 0:00
9.7140793,7/13/16 0:00
12.26410654,8/24/13 0:00
7.769867271,3/21/12 0:00
12.98059126,5/23/11 0:00
6.806705251,8/11/19 0:00
6.608132288,7/11/15 0:00
9.183673654,3/27/12 0:00
13.27438648,4/15/15 0:00
5.831827348,5/28/13 0:00
24.04124768,5/14/18 0:00
18.70591948,5/15/20 0:00
13.07634571,6/17/14 0:00
24.53774824,7/1/19 0:00
9.224696489,8/31/12 0:00
5.777289699,5/13/14 0:00
6.172470498,9/26/20 0:00
13.6827713,4/27/20 0:00
13.51363398,7/31/17 0:00
7.215936795,6/23/14 0:00
11.49829459,4/17/14 0:00
12.05058334,5/20/12 0:00
10.74505824,8/30/19 0:00
10.5447124,8/8/12 0:00
12.75448819,8/20/17 0:00
10.17651047,7/24/17 0:00
25.17099956,4/28/19 0:00
13.12703275,5/10/14 0:00
9.571208156,4/19/15 0:00
13.41240814,7/4/15 0:00
20.70565851,8/21/18 0:00
5.590327295,9/7/12 0:00
12.4250247,6/10/18 0:00
10.2909163,7/31/13 0:00
12.66204047,5/7/12 0:00
20.34469972,6/8/17 0:00
10.67053186,5/18/19 0:00
9.470338534,8/15/19 0:00
11.40176513,8/14/16 0:00
23.45096124,7/11/17 0:00
18.69011777,6/17/19 0:00
4.498656488,9/8/18 0:00
7.990709107,5/19/13 0:00
5.641053635,6/11/11 0:00
4.536519365,8/26/17 0:00
8.63483652,9/22/15 0:00
10.71016031,7/22/12 0:00
4.984462547,6/9/13 0:00
13.47072123,7/1/20 0:00
6.61910312,8/2/16 0:00
13.39759727,9/5/15 0:00
5.298121176,8/5/13 0:00
9.124999025,7/27/15 0:00
21.25249543,6/24/18 0:00
8.145758889,8/27/14 0:00
12.25871249,5/11/20 0:00
9.548742775,5/24/18 0:00
11.44123231,6/27/11 0:00
7.878719102,3/23/12 0:00
7.881268511,5/25/14 0:00
11.57987971,5/28/14 0:00
13.54200296,6/11/18 0:00
7.256942809,8/12/16 0:00
12.44587535,5/6/13 0:00
33.43888468,4/14/19 0:00
8.542915215,6/29/12 0:00
11.76840973,4/23/18 0:00
8.437900085,7/17/16 0:00
7.7287637,5/1/20 0:00
32.00299757,6/18/19 0:00
5.275975427,5/24/17 0:00
9.755324827,4/7/16 0:00
10.68168315,4/27/12 0:00
11.21216172,8/22/14 0:00
9.925121504,4/22/13 0:00
10.99290061,5/29/13 0:00
11.68849721,6/20/20 0:00
13.22484389,8/5/19 0:00
12.02380257,5/17/13 0:00
6.60555816,8/5/18 0:00
7.354204091,7/21/13 0:00
8.608612904,7/11/14 0:00
7.146250145,6/15/15 0:00
9.16585253,8/5/11 0:00
12.33376799,4/29/13 0:00
12.04337934,6/3/12 0:00
10.88484525,5/15/13 0:00
15.17569295,6/2/15 0:00
10.5142994,7/25/19 0:00
7.967818983,8/16/17 0:00
1.270805067,3/25/13 0:00
10.71645259,5/11/17 0:00
12.62752652,7/5/12 0:00
13.1708472,8/31/15 0:00
12.3417413,8/10/14 0:00
8.394290398,6/23/19 0:00
10.24087902,9/3/12 0:00
6.247259353,4/15/12 0:00
7.813350088,4/9/17 0:00
39.80469338,6/30/19 0:00
10.12488872,7/5/11 0:00
10.90076414,8/18/14 0:00
22.34951886,7/28/18 0:00
9.184233019,7/7/11 0:00
9.86090112,3/29/12 0:00
12.70267223,8/3/14 0:00
11.14938682,8/10/19 0:00
8.753168545,5/26/15 0:00
6.168390568,5/25/18 0:00
11.33430822,6/28/14 0:00
9.535429318,7/15/14 0:00
10.11501888,6/30/17 0:00
4.797463945,9/1/12 0:00
19.16815412,8/24/17 0:00
13.02641743,6/11/13 0:00
12.18339138,8/2/13 0:00
10.22529572,6/21/15 0:00
7.339470116,5/25/12 0:00
12.72004171,6/15/14 0:00
13.22322827,7/4/17 0:00
11.08750118,5/2/17 0:00
23.06627417,6/28/20 0:00
10.06697073,6/21/14 0:00
6.01370908,7/2/16 0:00
25.3906389,5/31/18 0:00
11.91124611,6/14/16 0:00
7.54832788,5/17/17 0:00
22.18128157,5/31/19 0:00
11.85218375,8/8/13 0:00
18.08416597,4/15/17 0:00
8.65126284,9/2/12 0:00
6.786149004,7/12/11 0:00
11.9299274,6/8/11 0:00
13.35577251,7/26/16 0:00
15.43757502,4/19/17 0:00
8.584978079,5/17/18 0:00
6.223520133,8/4/18 0:00
10.25642404,4/14/13 0:00
5.753141049,9/2/17 0:00
7.094634533,8/15/14 0:00
8.0761288,4/16/18 0:00
5.787602667,5/8/14 0:00
11.9881992,4/12/14 0:00
11.65252063,7/14/12 0:00
8.784813059,7/13/12 0:00
9.06807664,8/26/11 0:00
14.01549319,4/1/17 0:00
10.86232205,4/10/14 0:00
9.787689246,5/11/15 0:00
6.150227948,8/25/17 0:00
11.876658,7/7/13 0:00
13.71399372,8/31/17 0:00
7.675517729,6/4/19 0:00
9.544819851,5/18/13 0:00
9.849613141,9/11/14 0:00
12.19741282,4/25/12 0:00
11.59467442,8/15/13 0:00
7.749906818,3/22/16 0:00
12.21606566,9/3/16 0:00
13.52421347,6/28/17 0:00
12.89676975,8/2/12 0:00
9.949298093,8/15/17 0:00
12.10710142,5/26/11 0:00
10.69076541,7/30/16 0:00
12.10890854,6/15/12 0:00
8.506970275,7/28/11 0:00
13.12763298,6/20/15 0:00
12.05537466,5/24/20 0:00
11.63169283,6/20/11 0:00
10.57182547,6/12/13 0:00
6.456443492,6/8/14 0:00
11.9523863,4/24/16 0:00
13.352599,7/27/16 0:00
9.502450391,8/9/12 0:00
6.840189404,8/16/18 0:00
10.56533354,8/19/13 0:00
8.074384978,7/28/15 0:00
12.83941357,5/26/16 0:00
8.487675401,9/8/15 0:00
13.28191359,5/12/12 0:00
9.202200066,8/6/13 0:00
10.69218624,7/10/11 0:00
11.18888413,6/13/12 0:00
23.36805825,6/6/19 0:00
7.866220971,5/22/18 0:00
13.26734379,6/3/14 0:00
8.8602973,7/26/14 0:00
15.93120087,7/14/18 0:00
12.23925459,7/25/15 0:00
11.0716795,5/16/15 0:00
7.477272788,8/25/16 0:00
9.791421808,7/23/13 0:00
10.00746864,5/3/12 0:00
10.29191228,8/30/16 0:00
9.963597512,7/15/16 0:00
7.910156073,7/18/17 0:00
4.330122527,5/23/17 0:00
4.757069441,6/18/11 0:00
6.71813295,6/10/11 0:00
10.55019074,5/7/16 0:00
13.83704078,6/29/15 0:00
9.392616486,5/27/11 0:00
8.991960865,6/21/13 0:00
11.27463328,8/5/17 0:00
8.548273491,4/18/12 0:00
7.241377024,4/20/12 0:00
5.351818487,6/13/15 0:00
8.429028548,8/9/20 0:00
8.189832932,7/29/16 0:00
6.656501456,6/3/19 0:00
7.343101902,7/28/12 0:00
3.237794887,6/5/13 0:00
14.26861604,6/5/15 0:00
8.076283869,5/15/14 0:00
11.20896197,7/19/15 0:00
14.98151597,7/12/17 0:00
10.77380409,8/6/17 0:00
11.80589961,7/24/12 0:00
5.539952067,5/18/17 0:00
5.884713393,4/14/12 0:00
13.06958079,5/5/13 0:00
7.718575426,9/13/16 0:00
10.84348685,5/17/15 0:00
9.856692164,8/1/16 0:00
10.9162842,7/8/13 0:00
10.45267602,4/6/14 0:00
10.20434461,6/2/13 0:00
14.1832599,6/11/16 0:00
12.99925405,6/12/14 0:00
9.156648133,8/25/12 0:00
11.98330965,7/14/20 0:00
27.09577661,7/13/19 0:00
10.42423651,5/19/12 0:00
6.457638276,5/30/13 0:00
11.60767078,6/29/14 0:00
10.59194598,8/4/11 0:00
10.32911691,4/18/16 0:00
12.60879941,7/15/11 0:00
17.96145151,5/27/17 0:00
12.19066726,7/22/15 0:00
10.33532956,7/14/11 0:00
11.90508061,7/24/16 0:00
2.788385893,4/4/17 0:00
22.95470545,4/25/20 0:00
10.94745867,6/11/12 0:00
9.958851742,8/7/16 0:00
10.65652357,5/22/14 0:00
6.261112391,7/26/17 0:00
6.331807079,8/19/18 0:00
10.59670546,5/16/16 0:00
12.09203791,7/20/16 0:00
12.7219954,7/6/14 0:00
8.643455702,7/6/16 0:00
9.831014331,6/17/15 0:00
14.04546588,6/18/15 0:00
12.37956076,6/14/15 0:00
9.851827501,6/14/11 0:00
19.9018405,8/21/17 0:00
5.889588579,8/16/14 0:00
14.58390761,7/31/16 0:00
17.65909189,6/29/17 0:00
8.961717527,6/27/14 0:00
9.437378612,6/23/13 0:00
12.41257914,5/26/12 0:00
8.677322646,7/30/20 0:00
11.33719866,7/13/11 0:00
11.3861577,5/20/14 0:00
5.70829193,8/5/14 0:00
14.49171497,6/4/15 0:00
27.25947995,5/8/18 0:00
6.227609117,8/6/14 0:00
13.58961699,7/5/15 0:00
5.131783878,5/27/13 0:00
7.763191471,7/8/15 0:00
9.82889214,5/27/16 0:00
17.3285726,7/5/17 0:00
10.97662745,8/15/16 0:00
11.43179947,7/6/11 0:00
12.14479805,7/2/15 0:00
11.01431128,8/27/15 0:00
13.89305231,5/23/15 0:00
9.068023489,6/25/13 0:00
11.31201187,5/31/16 0:00
8.776430596,6/7/13 0:00
23.7996126,8/14/18 0:00
8.838655029,5/16/14 0:00
19.43567321,5/16/20 0:00
12.51013725,7/9/19 0:00
9.488170686,5/19/14 0:00
10.33408402,7/29/11 0:00
6.772971153,6/23/12 0:00
14.48517332,6/5/14 0:00
22.59584256,8/13/17 0:00
13.50337613,5/27/14 0:00
10.11718276,7/23/16 0:00
9.342790826,8/9/13 0:00
7.740868098,7/21/12 0:00
13.01435109,7/3/13 0:00
20.29262824,5/20/19 0:00
10.87586457,9/4/16 0:00
10.08474927,8/26/16 0:00
8.278382945,6/29/13 0:00
11.15387698,6/8/13 0:00
13.02944136,5/2/19 0:00
11.00292451,8/4/15 0:00
8.714837316,9/8/13 0:00
11.74522466,5/2/15 0:00
9.610723557,6/19/11 0:00
12.15207426,7/7/15 0:00
5.429646223,7/13/13 0:00
12.22081699,6/30/13 0:00
2.668408398,9/4/17 0:00
10.80989055,4/18/15 0:00
12.0864953,8/8/14 0:00
11.54815873,5/15/15 0:00
9.898928371,6/26/13 0:00
8.093329751,8/30/15 0:00
8.46954248,5/6/12 0:00
10.73931589,7/11/11 0:00
10.93075716,8/5/15 0:00
11.82187939,5/9/15 0:00
5.70158453,5/22/17 0:00
10.17224428,5/5/15 0:00
11.88808236,7/27/11 0:00
9.748214897,5/17/16 0:00
7.455601965,6/17/11 0:00
34.44090208,5/19/11 0:00
10.16492293,5/4/15 0:00
5.870494617,6/22/17 0:00
9.803781564,7/16/11 0:00
8.444705734,6/15/13 0:00
11.65974253,5/24/16 0:00
8.471685332,6/14/13 0:00
15.11999982,7/10/17 0:00
6.625783785,5/20/16 0:00
11.2156547,7/12/14 0:00
9.946149436,5/26/14 0:00
5.706734071,5/18/18 0:00
7.967866501,5/20/11 0:00
12.60048769,6/30/15 0:00
7.740316732,7/3/11 0:00
10.92971541,5/24/14 0:00
10.34136329,7/15/15 0:00
10.02697185,6/12/11 0:00
12.548674,6/6/15 0:00
20.63217492,5/3/17 0:00
8.138962966,6/4/11 0:00
9.971683992,5/29/15 0:00
9.964603221,6/7/15 0:00
12.09980117,7/3/16 0:00
10.37369424,5/25/16 0:00
10.26613716,7/22/17 0:00
11.86669688,6/3/15 0:00
9.251063539,5/14/14 0:00
11.32960917,7/1/15 0:00