Just_Date,GHI
2011-05-14,154.25
2011-05-15,435.6666666666667
2011-05-16,693.5
2011-05-17,695.1666666666666
2011-05-18,665.5
2011-05-19,458.42857142857144
2011-05-20,403.9166666666667
2011-05-21,463.0
2011-05-22,343.0833333333333
2011-05-23,511.07142857142856
2011-05-24,507.3076923076923
2011-05-25,263.72727272727275
2011-05-26,519.6428571428571
2011-05-27,423.61538461538464
2011-05-28,252.21428571428572
2011-05-29,311.77777777777777
2011-05-30,559.6428571428571
2011-05-31,485.38461538461536
2011-06-01,581.8571428571429
2011-06-02,197.08333333333334
2011-06-03,548.6428571428571
2011-06-04,378.42857142857144
2011-06-05,576.0833333333334
2011-06-06,561.7142857142857
2011-06-07,564.5
2011-06-08,489.5
2011-06-09,194.63636363636363
2011-06-10,277.38461538461536
2011-06-11,271.35714285714283
2011-06-12,449.6923076923077
2011-06-13,371.2857142857143
2011-06-14,415.6363636363636
2011-06-15,352.07142857142856
2011-06-16,550.4285714285714
2011-06-17,378.92857142857144
2011-06-18,265.0
2011-06-19,471.2142857142857
2011-06-20,557.3
2011-06-21,490.85714285714283
2011-06-22,155.58333333333334
2011-06-23,229.41666666666666
2011-06-24,561.9285714285714
2011-06-25,146.71428571428572
2011-06-26,564.5384615384615
2011-06-27,491.38461538461536
2011-06-28,662.4615384615385
2011-06-29,604.0
2011-06-30,578.5
2011-07-01,569.7142857142857
2011-07-02,579.3571428571429
2011-07-03,376.15384615384613
2011-07-04,645.7692307692307
2011-07-05,413.2307692307692
2011-07-06,469.7857142857143
2011-07-07,422.5
2011-07-08,498.7857142857143
2011-07-09,566.9285714285714
2011-07-10,480.42857142857144
2011-07-11,458.0833333333333
2011-07-12,371.8181818181818
2011-07-13,454.5
2011-07-14,388.64285714285717
2011-07-15,459.07142857142856
2011-07-16,420.53846153846155
2011-07-17,527.2857142857143
2011-07-18,529.8571428571429
2011-07-19,590.0769230769231
2011-07-20,567.1428571428571
2011-07-21,555.2307692307693
2011-07-22,561.1818181818181
2011-07-23,236.16666666666666
2011-07-24,299.7142857142857
2011-07-25,567.9285714285714
2011-07-26,509.14285714285717
2011-07-27,434.57142857142856
2011-07-28,407.09090909090907
2011-07-29,400.64285714285717
2011-07-30,590.7692307692307
2011-07-31,589.9230769230769
2011-08-01,517.2307692307693
2011-08-02,494.6923076923077
2011-08-03,567.2307692307693
2011-08-04,424.5833333333333
2011-08-05,339.8181818181818
2011-08-06,492.0
2011-08-07,567.3846153846154
2011-08-08,428.3076923076923
2011-08-09,557.1538461538462
2011-08-10,557.1538461538462
2011-08-11,585.9230769230769
2011-08-12,432.7692307692308
2011-08-13,396.9230769230769
2011-08-14,565.0769230769231
2011-08-15,560.6923076923077
2011-08-16,502.3333333333333
2011-08-17,488.3333333333333
2011-08-18,534.5833333333334
2011-08-19,587.75
2011-08-20,471.9166666666667
2011-08-21,589.6666666666666
2011-08-22,569.5
2011-08-23,516.7272727272727
2011-08-24,561.9166666666666
2011-08-25,586.9166666666666
2011-08-26,406.6666666666667
2011-08-27,549.25
2011-08-28,334.4166666666667
2011-08-29,561.25
2011-08-30,184.25
2011-08-31,519.0
2011-09-01,462.8333333333333
2011-09-02,515.1818181818181
2011-09-03,112.5
2011-09-04,541.5833333333334
2011-09-05,561.0833333333334
2011-09-06,554.75
2011-09-07,549.9166666666666
2011-09-08,521.8181818181819
2011-09-09,482.5
2011-09-10,458.0
2011-09-11,507.8333333333333
2011-09-12,472.9166666666667
2011-09-13,495.75
2011-09-14,417.54545454545456
2011-09-15,487.5
2011-09-16,132.27272727272728
2011-09-17,243.2
2011-09-18,128.11111111111111
2011-09-19,515.0909090909091
2011-09-20,344.1666666666667
2011-09-21,488.8181818181818
2011-09-22,387.5
2011-09-23,205.36363636363637
2011-09-24,300.0833333333333
2011-09-25,312.27272727272725
2011-09-26,117.71428571428571
2011-09-27,396.6363636363636
2011-09-28,280.6
2011-09-29,316.09090909090907
2011-09-30,525.4
2011-10-01,528.5
2011-10-02,508.8
2011-10-03,492.1
2011-10-04,494.5
2011-10-05,491.6
2011-10-06,467.6
2011-10-07,454.1
2011-10-08,461.6
2011-10-09,463.3
2011-10-10,329.0
2011-10-11,398.5
2011-10-12,242.55555555555554
2011-10-13,448.5
2011-10-14,281.1
2011-10-15,426.1
2011-10-16,330.77777777777777
2011-10-17,209.7
2011-10-18,272.8888888888889
2011-10-19,179.3
2011-10-20,205.0
2011-10-21,400.1
2011-10-22,384.4
2011-10-23,326.0
2011-10-24,444.8333333333333
2011-10-25,270.125
2011-10-26,170.75
2011-10-27,339.7
2011-10-28,329.2
2011-10-29,376.2
2011-10-30,237.33333333333334
2011-10-31,358.3
2011-11-01,349.6
2011-11-02,56.5
2011-11-03,310.5
2011-11-04,342.6
2011-11-05,91.0
2011-11-06,276.3333333333333
2011-11-07,305.22222222222223
2011-11-08,93.16666666666667
2011-11-09,246.875
2011-11-10,226.88888888888889
2011-11-11,330.22222222222223
2011-11-12,273.22222222222223
2011-11-13,265.1111111111111
2011-11-14,317.375
2011-11-15,327.3333333333333
2011-11-16,343.55555555555554
2011-11-17,340.3333333333333
2011-11-18,273.6666666666667
2011-11-19,65.16666666666667
2011-11-20,177.0
2011-11-21,276.3333333333333
2011-11-22,106.33333333333333
2011-11-23,155.57142857142858
2011-11-24,271.125
2011-11-25,117.75
2011-11-26,84.16666666666667
2011-11-27,67.66666666666667
2011-11-28,193.25
2011-11-29,341.0
2011-11-30,299.5
2011-12-01,180.375
2011-12-02,330.875
2011-12-03,111.71428571428571
2011-12-04,100.83333333333333
2011-12-05,138.25
2011-12-06,222.0
2011-12-07,314.42857142857144
2011-12-08,201.0
2011-12-09,314.625
2011-12-10,235.875
2011-12-11,243.125
2011-12-12,101.14285714285714
2011-12-13,147.83333333333334
2011-12-14,69.8
2011-12-15,73.0
2011-12-16,309.0
2011-12-17,238.5
2011-12-18,294.25
2011-12-19,223.0
2011-12-20,77.85714285714286
2011-12-21,211.125
2011-12-22,134.25
2011-12-23,237.875
2011-12-24,297.5
2011-12-25,305.125
2011-12-26,227.875
2011-12-27,110.71428571428571
2011-12-28,269.375
2011-12-29,300.25
2011-12-30,14.0
2011-12-31,240.55555555555554
2012-01-01,204.85714285714286
2012-01-02,216.71428571428572
2012-01-03,292.25
2012-01-04,285.625
2012-01-05,263.55555555555554
2012-01-06,237.0
2012-01-07,291.875
2012-01-08,180.44444444444446
2012-01-09,285.3333333333333
2012-01-10,289.44444444444446
2012-01-11,315.75
2012-01-12,179.57142857142858
2012-01-13,210.28571428571428
2012-01-14,321.875
2012-01-15,284.6666666666667
2012-01-16,224.0
2012-01-17,227.71428571428572
2012-01-18,260.8888888888889
2012-01-19,321.8888888888889
2012-01-20,127.0
2012-01-21,151.0
2012-01-22,195.0
2012-01-23,200.85714285714286
2012-01-24,246.66666666666666
2012-01-25,205.66666666666666
2012-01-26,162.66666666666666
2012-01-27,286.57142857142856
2012-01-28,356.55555555555554
2012-01-29,339.1111111111111
2012-01-30,333.22222222222223
2012-01-31,303.77777777777777
2012-02-01,255.44444444444446
2012-02-02,287.77777777777777
2012-02-03,119.14285714285714
2012-02-04,54.25
2012-02-05,251.875
2012-02-06,116.5
2012-02-07,107.875
2012-02-08,246.22222222222223
2012-02-09,218.11111111111111
2012-02-10,181.55555555555554
2012-02-11,439.8888888888889
2012-02-12,405.4
2012-02-13,187.0
2012-02-14,253.28571428571428
2012-02-15,263.1
2012-02-16,405.2
2012-02-17,392.3333333333333
2012-02-18,420.8
2012-02-19,421.7
2012-02-20,342.7
2012-02-21,377.75
2012-02-22,271.4
2012-02-23,78.83333333333333
2012-02-24,296.57142857142856
2012-02-25,478.6
2012-02-26,425.54545454545456
2012-02-27,426.27272727272725
2012-02-28,170.88888888888889
2012-02-29,155.7
2012-03-01,269.1818181818182
2012-03-02,177.75
2012-03-03,269.3333333333333
2012-03-04,328.1111111111111
2012-03-05,519.6666666666666
2012-03-06,439.54545454545456
2012-03-07,121.22222222222223
2012-03-08,468.3636363636364
2012-03-09,479.3636363636364
2012-03-10,481.54545454545456
2012-03-11,321.9
2012-03-12,291.6
2012-03-13,482.3636363636364
2012-03-14,299.54545454545456
2012-03-15,479.27272727272725
2012-03-16,404.54545454545456
2012-03-17,395.6363636363636
2012-03-18,375.72727272727275
2012-03-19,360.27272727272725
2012-03-20,448.09090909090907
2012-03-21,350.90909090909093
2012-03-22,184.1
2012-03-23,347.72727272727275
2012-03-24,183.0909090909091
2012-03-25,457.25
2012-03-26,426.1818181818182
2012-03-27,367.6666666666667
2012-03-28,513.5833333333334
2012-03-29,371.4166666666667
2012-03-30,232.36363636363637
2012-03-31,390.1818181818182
2012-04-01,510.3333333333333
2012-04-02,493.5
2012-04-03,448.0833333333333
2012-04-04,502.0833333333333
2012-04-05,551.9166666666666
2012-04-06,569.8333333333334
2012-04-07,195.9090909090909
2012-04-08,564.0833333333334
2012-04-09,576.0
2012-04-10,593.3333333333334
2012-04-11,594.8333333333334
2012-04-12,534.0833333333334
2012-04-13,219.625
2012-04-14,302.1666666666667
2012-04-15,267.9166666666667
2012-04-16,412.0
2012-04-17,580.5
2012-04-18,322.4166666666667
2012-04-19,188.33333333333334
2012-04-20,366.45454545454544
2012-04-21,383.8333333333333
2012-04-22,569.1666666666666
2012-04-23,558.3333333333334
2012-04-24,484.0
2012-04-25,448.53846153846155
2012-04-26,625.5
2012-04-27,371.7692307692308
2012-04-28,173.16666666666666
2012-04-29,187.0909090909091
2012-04-30,283.3333333333333
2012-05-01,287.5
2012-05-02,329.5
2012-05-03,444.3333333333333
2012-05-04,527.6363636363636
2012-05-05,442.0
2012-05-06,406.25
2012-05-07,536.5
2012-05-08,541.3333333333334
2012-05-09,503.84615384615387
2012-05-10,616.6153846153846
2012-05-11,600.3333333333334
2012-05-12,458.35714285714283
2012-05-13,589.1428571428571
2012-05-14,585.5714285714286
2012-05-15,531.6428571428571
2012-05-16,588.6428571428571
2012-05-17,549.4285714285714
2012-05-18,591.3846153846154
2012-05-19,466.0
2012-05-20,507.14285714285717
2012-05-21,609.1428571428571
2012-05-22,591.7142857142857
2012-05-23,538.5714285714286
2012-05-24,499.0769230769231
2012-05-25,287.0
2012-05-26,518.8461538461538
2012-05-27,578.1428571428571
2012-05-28,483.85714285714283
2012-05-29,608.5
2012-05-30,592.2857142857143
2012-05-31,176.75
2012-06-01,549.0
2012-06-02,401.57142857142856
2012-06-03,489.14285714285717
2012-06-04,485.9230769230769
2012-06-05,552.0714285714286
2012-06-06,610.3571428571429
2012-06-07,580.0
2012-06-08,577.9285714285714
2012-06-09,608.3571428571429
2012-06-10,593.9285714285714
2012-06-11,464.92857142857144
2012-06-12,629.2857142857143
2012-06-13,473.0
2012-06-14,562.6428571428571
2012-06-15,489.57142857142856
2012-06-16,587.0
2012-06-17,563.6428571428571
2012-06-18,579.9285714285714
2012-06-19,598.5714285714286
2012-06-20,588.0714285714286
2012-06-21,598.7857142857143
2012-06-22,658.5384615384615
2012-06-23,291.2142857142857
2012-06-24,560.6666666666666
2012-06-25,626.7142857142857
2012-06-26,594.0714285714286
2012-06-27,584.2142857142857
2012-06-28,503.64285714285717
2012-06-29,411.3636363636364
2012-06-30,573.0769230769231
2012-07-01,520.2142857142857
2012-07-02,564.9285714285714
2012-07-03,533.8571428571429
2012-07-04,560.8571428571429
2012-07-05,517.3571428571429
2012-07-06,568.3571428571429
2012-07-07,567.2857142857143
2012-07-08,528.5714285714286
2012-07-09,485.92857142857144
2012-07-10,577.9285714285714
2012-07-11,595.7857142857143
2012-07-12,514.7857142857143
2012-07-13,267.9230769230769
2012-07-14,506.53846153846155
2012-07-15,525.2142857142857
2012-07-16,642.3333333333334
2012-07-17,556.3076923076923
2012-07-18,516.6428571428571
2012-07-19,548.3076923076923
2012-07-20,475.0
2012-07-21,325.2857142857143
2012-07-22,523.4166666666666
2012-07-23,569.6923076923077
2012-07-24,470.2142857142857
2012-07-25,573.6923076923077
2012-07-26,550.6153846153846
2012-07-27,578.1538461538462
2012-07-28,321.53846153846155
2012-07-29,496.84615384615387
2012-07-30,425.07142857142856
2012-07-31,604.5384615384615
2012-08-01,594.0
2012-08-02,500.61538461538464
2012-08-03,566.4615384615385
2012-08-04,290.54545454545456
2012-08-05,606.6153846153846
2012-08-06,604.2307692307693
2012-08-07,557.9230769230769
2012-08-08,453.27272727272725
2012-08-09,387.6666666666667
2012-08-10,560.5384615384615
2012-08-11,565.5384615384615
2012-08-12,163.36363636363637
2012-08-13,272.4166666666667
2012-08-14,559.8333333333334
2012-08-15,562.1666666666666
2012-08-16,434.4166666666667
2012-08-17,572.0769230769231
2012-08-18,446.6923076923077
2012-08-19,418.3076923076923
2012-08-20,580.25
2012-08-21,588.9166666666666
2012-08-22,531.9166666666666
2012-08-23,530.6666666666666
2012-08-24,562.6666666666666
2012-08-25,419.09090909090907
2012-08-26,106.33333333333333
2012-08-27,586.5454545454545
2012-08-28,514.0
2012-08-29,509.75
2012-08-30,536.25
2012-08-31,388.3333333333333
2012-09-01,237.5
2012-09-02,335.0
2012-09-03,405.3333333333333
2012-09-04,496.4166666666667
2012-09-05,508.5
2012-09-06,525.4166666666666
2012-09-07,243.25
2012-09-08,524.1666666666666
2012-09-09,532.0833333333334
2012-09-10,532.25
2012-09-11,507.6666666666667
2012-09-12,462.25
2012-09-13,120.6
2012-09-14,473.8333333333333
2012-09-15,500.0
2012-09-16,456.0
2012-09-17,208.08333333333334
2012-09-18,453.0833333333333
2012-09-19,472.5833333333333
2012-09-20,420.4166666666667
2012-09-21,342.54545454545456
2012-09-22,481.0833333333333
2012-09-23,489.4166666666667
2012-09-24,366.5833333333333
2012-09-25,474.27272727272725
2012-09-26,433.27272727272725
2012-09-27,443.09090909090907
2012-09-28,469.27272727272725
2012-09-29,455.90909090909093
2012-09-30,470.5
2012-10-01,362.5
2012-10-02,488.0
2012-10-03,493.2
2012-10-04,195.45454545454547
2012-10-05,168.1
2012-10-06,288.6
2012-10-07,502.5
2012-10-08,477.9
2012-10-09,326.0
2012-10-10,468.0
2012-10-11,402.5
2012-10-12,470.7
2012-10-13,180.125
2012-10-14,116.5
2012-10-15,429.9
2012-10-16,337.1
2012-10-17,167.125
2012-10-18,152.0
2012-10-19,238.22222222222223
2012-10-20,351.6
2012-10-21,388.7
2012-10-22,222.25
2012-10-23,232.0
2012-10-24,341.8
2012-10-25,56.44444444444444
2012-10-26,371.8
2012-10-27,355.8
2012-10-28,384.9
2012-10-29,380.8888888888889
2012-10-30,377.6
2012-10-31,378.2
2012-11-01,345.9
2012-11-02,284.1111111111111
2012-11-03,314.22222222222223
2012-11-04,321.75
2012-11-05,247.55555555555554
2012-11-06,97.16666666666667
2012-11-07,201.375
2012-11-08,322.6
2012-11-09,257.55555555555554
2012-11-10,227.33333333333334
2012-11-11,46.666666666666664
2012-11-12,285.22222222222223
2012-11-13,344.0
2012-11-14,330.44444444444446
2012-11-15,300.8888888888889
2012-11-16,332.6666666666667
2012-11-17,280.77777777777777
2012-11-18,236.22222222222223
2012-11-19,275.25
2012-11-20,164.5
2012-11-21,312.875
2012-11-22,166.11111111111111
2012-11-23,304.55555555555554
2012-11-24,171.5
2012-11-25,225.66666666666666
2012-11-26,213.125
2012-11-27,279.25
2012-11-28,327.25
2012-11-29,260.875
2012-11-30,301.875
2012-12-01,58.57142857142857
2012-12-02,251.375
2012-12-03,144.71428571428572
2012-12-04,309.875
2012-12-05,242.875
2012-12-06,130.5
2012-12-07,61.57142857142857
2012-12-08,235.75
2012-12-09,46.833333333333336
2012-12-10,159.25
2012-12-11,304.75
2012-12-12,302.625
2012-12-13,276.0
2012-12-14,246.25
2012-12-15,57.0
2012-12-16,76.66666666666667
2012-12-17,130.625
2012-12-18,132.16666666666666
2012-12-19,104.66666666666667
2012-12-21,324.5
2012-12-22,284.5
2012-12-23,244.875
2012-12-24,107.28571428571429
2012-12-25,308.75
2012-12-26,114.28571428571429
2012-12-27,213.25
2012-12-28,79.0
2012-12-29,155.75
2012-12-30,155.44444444444446
2012-12-31,103.75
2013-01-01,326.875
2013-01-02,314.625
2013-01-03,239.625
2013-01-04,291.0
2013-01-05,159.375
2013-01-06,301.8888888888889
2013-01-07,229.11111111111111
2013-01-08,286.5
2013-01-09,258.6666666666667
2013-01-10,201.28571428571428
2013-01-11,151.83333333333334
2013-01-12,204.57142857142858
2013-01-13,215.33333333333334
2013-01-14,315.0
2013-01-15,303.1111111111111
2013-01-16,207.25
2013-01-17,283.3333333333333
2013-01-18,296.44444444444446
2013-01-19,268.22222222222223
2013-01-20,172.25
2013-01-21,345.1111111111111
2013-01-22,276.3333333333333
2013-01-23,252.55555555555554
2013-01-24,221.22222222222223
2013-01-25,349.77777777777777
2013-01-26,339.3333333333333
2013-01-27,121.0
2013-01-28,123.0
2013-01-29,61.5
2013-01-31,522.4
2013-02-01,488.0
2013-02-02,182.75
2013-02-03,320.125
2013-02-04,318.22222222222223
2013-02-05,328.77777777777777
2013-02-06,336.8888888888889
2013-02-07,168.28571428571428
2013-02-08,183.125
2013-02-09,164.77777777777777
2013-02-10,189.5
2013-02-11,117.22222222222223
2013-02-12,360.8888888888889
2013-02-13,415.55555555555554
2013-02-14,192.875
2013-02-15,350.1
2013-02-16,366.0
2013-02-17,348.3
2013-02-18,181.0
2013-02-19,418.0
2013-02-20,399.9
2013-02-21,238.625
2013-02-23,504.75
2013-02-24,481.77777777777777
2013-02-25,349.3
2013-02-26,186.75
2013-02-28,200.875
2013-03-01,318.75
2013-03-02,471.72727272727275
2013-03-03,435.54545454545456
2013-03-04,342.375
2013-03-06,293.8333333333333
2013-03-07,415.1111111111111
2013-03-08,440.90909090909093
2013-03-09,98.66666666666667
2013-03-10,177.85714285714286
2013-03-11,149.66666666666666
2013-03-12,282.0
2013-03-13,496.90909090909093
2013-03-14,445.45454545454544
2013-03-15,284.3636363636364
2013-03-16,185.72727272727272
2013-03-17,441.0
2013-03-18,220.5
2013-03-19,548.2727272727273
2013-03-20,522.4545454545455
2013-03-21,556.4545454545455
2013-03-22,527.3636363636364
2013-03-23,395.54545454545456
2013-03-25,414.0
2013-03-26,464.54545454545456
2013-03-27,537.3333333333334
2013-03-28,503.0833333333333
2013-03-29,494.25
2013-03-30,239.11111111111111
2013-03-31,495.0833333333333
2013-04-01,566.8333333333334
2013-04-02,556.6666666666666
2013-04-03,488.5833333333333
2013-04-04,524.9166666666666
2013-04-05,447.75
2013-04-06,296.4
2013-04-07,489.3333333333333
2013-04-08,530.5454545454545
2013-04-09,294.0
2013-04-10,151.55555555555554
2013-04-11,262.27272727272725
2013-04-12,181.63636363636363
2013-04-13,492.5
2013-04-14,413.8333333333333
2013-04-15,236.9090909090909
2013-04-16,274.6666666666667
2013-04-17,96.0
2013-04-18,186.63636363636363
2013-04-19,153.0
2013-04-20,622.8333333333334
2013-04-21,503.5833333333333
2013-04-22,437.9166666666667
2013-04-23,153.58333333333334
2013-04-24,633.9166666666666
2013-04-25,631.0
2013-04-26,493.53846153846155
2013-04-27,478.5
2013-04-28,555.3846153846154
2013-04-29,441.9230769230769
2013-04-30,556.75
2013-05-01,610.5833333333334
2013-05-02,176.63636363636363
2013-05-03,178.9090909090909
2013-05-04,189.08333333333334
2013-05-05,463.0769230769231
2013-05-06,408.64285714285717
2013-05-07,566.4615384615385
2013-05-08,410.25
2013-05-09,174.69230769230768
2013-05-10,189.6153846153846
2013-05-11,557.8461538461538
2013-05-12,640.3846153846154
2013-05-13,547.6923076923077
2013-05-14,608.5384615384615
2013-05-15,465.64285714285717
2013-05-16,486.35714285714283
2013-05-17,469.5
2013-05-18,396.7142857142857
2013-05-19,384.0833333333333
2013-05-20,562.1538461538462
2013-05-21,452.0
2013-05-22,377.7692307692308
2013-05-23,506.7692307692308
2013-05-24,622.0
2013-05-25,165.33333333333334
2013-05-26,264.0
2013-05-27,300.0
2013-05-28,337.4
2013-05-29,489.64285714285717
2013-05-30,335.75
2013-05-31,439.42857142857144
2013-06-01,417.85714285714283
2013-06-02,467.7142857142857
2013-06-03,615.4285714285714
2013-06-04,249.0
2013-06-05,258.7692307692308
2013-06-06,275.38461538461536
2013-06-07,416.14285714285717
2013-06-08,501.57142857142856
2013-06-09,258.9230769230769
2013-06-10,453.7142857142857
2013-06-11,515.5714285714286
2013-06-12,491.7692307692308
2013-06-13,614.2857142857143
2013-06-14,382.84615384615387
2013-06-15,487.1818181818182
2013-06-16,565.4285714285714
2013-06-17,540.9285714285714
2013-06-18,635.5384615384615
2013-06-19,553.0
2013-06-20,525.0
2013-06-21,408.0
2013-06-22,480.92857142857144
2013-06-23,414.42857142857144
2013-06-24,155.625
2013-06-25,380.07142857142856
2013-06-26,456.84615384615387
2013-06-27,482.61538461538464
2013-06-28,613.8461538461538
2013-06-29,342.07142857142856
2013-06-30,480.7142857142857
2013-07-01,587.0
2013-07-02,528.8571428571429
2013-07-03,472.07142857142856
2013-07-04,591.3571428571429
2013-07-05,584.3571428571429
2013-07-06,582.6428571428571
2013-07-07,502.57142857142856
2013-07-08,430.7142857142857
2013-07-09,355.0
2013-07-10,639.8461538461538
2013-07-11,595.2142857142857
2013-07-12,603.4285714285714
2013-07-13,354.42857142857144
2013-07-14,580.2857142857143
2013-07-15,480.2857142857143
2013-07-16,592.0769230769231
2013-07-17,600.6923076923077
2013-07-18,585.4615384615385
2013-07-19,510.15384615384613
2013-07-20,603.4615384615385
2013-07-21,308.14285714285717
2013-07-22,572.8461538461538
2013-07-23,411.6923076923077
2013-07-24,494.6923076923077
2013-07-25,526.6153846153846
2013-07-26,484.75
2013-07-27,543.3846153846154
2013-07-28,603.7692307692307
2013-07-29,511.9230769230769
2013-07-30,112.18181818181819
2013-07-31,453.2307692307692
2013-08-01,578.1538461538462
2013-08-02,461.5
2013-08-03,557.5384615384615
2013-08-04,586.3076923076923
2013-08-05,279.0833333333333
2013-08-06,416.2307692307692
2013-08-07,529.6153846153846
2013-08-08,454.61538461538464
2013-08-09,388.3076923076923
2013-08-10,581.3076923076923
2013-08-11,497.2307692307692
2013-08-12,518.9166666666666
2013-08-13,529.5
2013-08-14,416.0
2013-08-15,442.0769230769231
2013-08-16,501.25
2013-08-17,567.3333333333334
2013-08-18,525.4615384615385
2013-08-19,425.46153846153845
2013-08-20,510.3333333333333
2013-08-21,453.15384615384613
2013-08-22,250.27272727272728
2013-08-23,557.5
2013-08-24,484.6666666666667
2013-08-25,545.5
2013-08-26,535.0833333333334
2013-08-27,542.25
2013-08-28,533.8333333333334
2013-08-29,530.0
2013-08-30,531.75
2013-08-31,446.6666666666667
2013-09-01,499.3333333333333
2013-09-02,564.25
2013-09-03,539.0833333333334
2013-09-04,506.1666666666667
2013-09-05,479.0
2013-09-06,516.8333333333334
2013-09-07,421.25
2013-09-08,334.25
2013-09-09,490.0833333333333
2013-09-10,499.1666666666667
2013-09-11,286.4166666666667
2013-09-12,520.3333333333334
2013-09-13,529.0833333333334
2013-09-14,504.8333333333333
2013-09-15,199.77777777777777
2013-09-16,364.0
2013-09-17,244.54545454545453
2013-09-18,374.6666666666667
2013-09-19,431.72727272727275
2013-09-20,344.6363636363636
2013-09-21,485.1666666666667
2013-09-22,478.75
2013-09-23,462.25
2013-09-24,356.8333333333333
2013-09-25,443.4166666666667
2013-09-26,468.6363636363636
2013-09-27,470.6363636363636
2013-09-28,111.44444444444444
2013-09-29,524.7
2013-09-30,430.8181818181818
2013-10-01,495.0
2013-10-02,454.7
2013-10-03,288.6
2013-10-04,284.125
2013-10-05,220.9090909090909
2013-10-06,155.33333333333334
2013-10-07,474.3
2013-10-08,481.4
2013-10-09,469.5
2013-10-10,461.9
2013-10-11,446.2
2013-10-12,456.3
2013-10-13,469.9
2013-10-14,447.2
2013-10-15,356.8888888888889
2013-10-16,93.11111111111111
2013-10-17,390.7
2013-10-18,193.8
2013-10-19,274.3
2013-10-20,233.55555555555554
2013-10-21,401.9
2013-10-22,134.85714285714286
2013-10-23,265.0
2013-10-24,179.1
2013-10-25,401.5
2013-10-26,361.2
2013-10-27,382.4
2013-10-28,324.4
2013-10-29,237.22222222222223
2013-10-30,56.0
2013-10-31,102.85714285714286
2013-11-01,147.2
2013-11-02,354.5
2013-11-03,332.7
2013-11-04,110.75
2013-11-05,90.83333333333333
2013-11-06,253.22222222222223
2013-11-07,314.3
2013-11-08,172.5
2013-11-09,321.9
2013-11-10,319.55555555555554
2013-11-11,83.0
2013-11-12,376.8888888888889
2013-11-13,361.8888888888889
2013-11-14,266.3333333333333
2013-11-15,331.44444444444446
2013-11-16,94.8
2013-11-17,146.875
2013-11-18,299.77777777777777
2013-11-19,264.55555555555554
2013-11-20,74.5
2013-11-21,107.42857142857143
2013-11-22,327.5
2013-11-23,379.125
2013-11-24,351.875
2013-11-25,127.28571428571429
2013-11-26,281.375
2013-11-27,339.625
2013-11-28,337.625
2013-11-29,253.5
2013-11-30,311.125
2013-12-01,285.25
2013-12-02,118.875
2013-12-03,96.28571428571429
2013-12-04,58.75
2013-12-05,253.375
2013-12-06,305.75
2013-12-07,300.875
2013-12-08,214.6
2013-12-09,409.75
2013-12-10,316.14285714285717
2013-12-11,363.42857142857144
2013-12-12,132.0
2013-12-13,228.25
2013-12-14,127.85714285714286
2013-12-15,111.14285714285714
2013-12-16,161.0
2013-12-17,343.2857142857143
2013-12-18,281.125
2013-12-19,161.42857142857142
2013-12-20,63.0
2013-12-21,106.42857142857143
2013-12-22,184.0
2013-12-28,337.85714285714283
2013-12-29,156.42857142857142
2013-12-30,222.71428571428572
2013-12-31,137.0
2014-01-01,116.0
2014-01-02,372.6666666666667
2014-01-03,169.0
2014-01-04,98.0
2014-01-05,148.0
2014-01-06,344.125
2014-01-07,190.57142857142858
2014-01-08,181.625
2014-01-09,149.125
2014-01-10,113.33333333333333
2014-01-11,285.2857142857143
2014-01-12,212.625
2014-01-13,307.55555555555554
2014-01-14,199.0
2014-01-15,328.22222222222223
2014-01-16,205.625
2014-01-17,283.8888888888889
2014-01-18,169.6
2014-01-19,302.0
2014-01-20,251.5
2014-01-21,270.0
2014-01-22,258.875
2014-01-23,366.1111111111111
2014-01-24,190.625
2014-01-25,374.44444444444446
2014-01-26,208.42857142857142
2014-01-27,386.8888888888889
2014-01-28,387.6666666666667
2014-01-29,391.55555555555554
2014-01-30,163.25
2014-01-31,238.77777777777777
2014-02-02,372.4
2014-02-03,454.57142857142856
2014-02-04,172.0
2014-02-05,492.8
2014-02-06,500.2857142857143
2014-02-07,450.75
2014-02-09,367.3333333333333
2014-02-10,479.75
2014-02-11,450.0
2014-02-12,134.6
2014-02-13,426.75
2014-02-14,363.2
2014-02-15,180.25
2014-02-16,357.4
2014-02-18,449.3333333333333
2014-02-19,399.2
2014-02-20,169.42857142857142
2014-02-21,378.90909090909093
2014-02-22,317.7
2014-02-23,423.9
2014-02-24,390.9
2014-02-25,412.3333333333333
2014-02-26,455.27272727272725
2014-02-27,473.45454545454544
2014-02-28,333.72727272727275
2014-03-01,179.11111111111111
2014-03-02,379.375
2014-03-03,520.8888888888889
2014-03-04,461.45454545454544
2014-03-05,237.2
2014-03-06,347.09090909090907
2014-03-07,367.6363636363636
2014-03-08,264.2
2014-03-09,448.54545454545456
2014-03-10,422.72727272727275
2014-03-11,283.6
2014-03-12,432.8181818181818
2014-03-13,468.90909090909093
2014-03-14,426.0
2014-03-15,391.3636363636364
2014-03-16,511.72727272727275
2014-03-17,484.27272727272725
2014-03-18,300.6
2014-03-19,155.9
2014-03-20,477.8181818181818
2014-03-21,405.0
2014-03-22,418.90909090909093
2014-03-23,564.9090909090909
2014-03-24,372.1818181818182
2014-03-25,573.0909090909091
2014-03-26,466.0
2014-03-27,101.11111111111111
2014-03-28,207.45454545454547
2014-03-29,506.09090909090907
2014-03-30,498.5
2014-03-31,400.3636363636364
2014-04-01,520.3
2014-04-02,260.1818181818182
2014-04-03,182.1
2014-04-04,194.72727272727272
2014-04-05,505.3333333333333
2014-04-06,386.75
2014-04-07,413.25
2014-04-08,564.3333333333334
2014-04-09,554.0
2014-04-10,430.0833333333333
2014-04-11,572.25
2014-04-12,436.0833333333333
2014-04-13,136.0
2014-04-14,257.1818181818182
2014-04-15,612.3333333333334
2014-04-16,494.4166666666667
2014-04-17,450.1666666666667
2014-04-18,594.8333333333334
2014-04-19,547.5833333333334
2014-04-20,508.5
2014-04-21,230.53846153846155
2014-04-22,628.3333333333334
2014-04-23,194.41666666666666
2014-04-24,193.6
2014-04-25,601.9166666666666
2014-04-26,524.7692307692307
2014-04-27,527.1111111111111
2014-04-28,195.9090909090909
2014-04-29,158.25
2014-04-30,269.9166666666667
2014-05-01,199.25
2014-05-02,445.7692307692308
2014-05-03,588.5833333333334
2014-05-04,452.61538461538464
2014-05-05,505.07142857142856
2014-05-06,506.61538461538464
2014-05-07,506.9230769230769
2014-05-08,277.8333333333333
2014-05-09,425.38461538461536
2014-05-10,442.42857142857144
2014-05-11,208.1818181818182
2014-05-12,352.625
2014-05-13,250.53846153846155
2014-05-14,367.85714285714283
2014-05-15,283.85714285714283
2014-05-16,319.7692307692308
2014-05-17,601.5714285714286
2014-05-18,581.7857142857143
2014-05-19,434.0833333333333
2014-05-20,461.0
2014-05-21,564.3571428571429
2014-05-22,408.42857142857144
2014-05-23,623.0769230769231
2014-05-24,418.85714285714283
2014-05-25,294.07142857142856
2014-05-26,355.92857142857144
2014-05-27,418.7142857142857
2014-05-28,377.2307692307692
2014-05-29,566.7857142857143
2014-05-30,534.3571428571429
2014-05-31,558.7692307692307
2014-06-01,496.0769230769231
2014-06-02,600.8461538461538
2014-06-03,526.2307692307693
2014-06-04,237.6153846153846
2014-06-05,497.5
2014-06-06,549.7142857142857
2014-06-07,242.23076923076923
2014-06-08,278.07142857142856
2014-06-09,581.3076923076923
2014-06-10,154.66666666666666
2014-06-11,506.84615384615387
2014-06-12,469.42857142857144
2014-06-13,628.7142857142857
2014-06-14,579.6428571428571
2014-06-15,475.64285714285717
2014-06-16,457.0
2014-06-17,518.0769230769231
2014-06-18,407.3333333333333
2014-06-19,311.5
2014-06-20,587.7142857142857
2014-06-21,376.92857142857144
2014-06-22,331.3333333333333
2014-06-23,252.78571428571428
2014-06-24,614.8461538461538
2014-06-25,601.9285714285714
2014-06-26,298.07142857142856
2014-06-27,337.2857142857143
2014-06-28,390.9230769230769
2014-06-29,397.57142857142856
2014-06-30,428.85714285714283
2014-07-01,500.7142857142857
2014-07-02,225.76923076923077
2014-07-03,620.2307692307693
2014-07-04,640.8461538461538
2014-07-05,161.07692307692307
2014-07-06,441.2142857142857
2014-07-07,593.7692307692307
2014-07-08,585.8461538461538
2014-07-09,643.2307692307693
2014-07-10,582.2142857142857
2014-07-11,332.0769230769231
2014-07-12,389.45454545454544
2014-07-13,493.57142857142856
2014-07-14,489.57142857142856
2014-07-15,340.9230769230769
2014-07-16,533.5384615384615
2014-07-17,540.7857142857143
2014-07-18,556.0
2014-07-19,530.5714285714286
2014-07-20,531.7142857142857
2014-07-21,542.5714285714286
2014-07-22,407.6923076923077
2014-07-23,627.6923076923077
2014-07-24,600.9166666666666
2014-07-25,461.2
2014-07-26,362.0
2014-07-27,554.0769230769231
2014-07-28,473.2307692307692
2014-07-29,559.3076923076923
2014-07-30,580.2307692307693
2014-07-31,571.7692307692307
2014-08-01,504.7692307692308
2014-08-02,556.9230769230769
2014-08-03,482.84615384615387
2014-08-04,498.1666666666667
2014-08-05,303.84615384615387
2014-08-06,303.4166666666667
2014-08-07,236.75
2014-08-08,431.53846153846155
2014-08-09,488.9230769230769
2014-08-10,435.2307692307692
2014-08-11,269.0
2014-08-12,569.7692307692307
2014-08-13,566.1538461538462
2014-08-14,519.7692307692307
2014-08-15,303.25
2014-08-16,293.15384615384613
2014-08-17,458.0769230769231
2014-08-18,422.0
2014-08-19,543.1666666666666
2014-08-20,173.0
2014-08-21,238.84615384615384
2014-08-22,439.4
2014-08-23,382.375
2014-08-24,549.4166666666666
2014-08-25,488.3333333333333
2014-08-26,547.6363636363636
2014-08-27,332.5833333333333
2014-08-28,121.46153846153847
2014-08-29,481.3333333333333
2014-08-30,426.4166666666667
2014-08-31,522.1666666666666
2014-09-01,495.9166666666667
2014-09-02,531.8333333333334
2014-09-03,532.0
2014-09-04,505.6363636363636
2014-09-05,285.25
2014-09-06,553.3333333333334
2014-09-07,536.8333333333334
2014-09-08,401.27272727272725
2014-09-09,299.25
2014-09-10,245.7
2014-09-11,327.09090909090907
2014-09-12,167.8181818181818
2014-09-13,534.25
2014-09-14,474.75
2014-09-15,390.1818181818182
2014-09-16,508.0833333333333
2014-09-17,389.25
2014-09-18,480.9166666666667
2014-09-19,445.0833333333333
2014-09-20,313.6363636363636
2014-09-21,309.4166666666667
2014-09-22,480.4166666666667
2014-09-23,436.1818181818182
2014-09-24,284.0
2014-09-25,483.1
2014-09-26,442.54545454545456
2014-09-27,503.9
2014-09-28,454.90909090909093
2014-09-29,482.9
2014-09-30,308.5
2014-10-01,196.3
2014-10-02,124.7
2014-10-03,259.5
2014-10-04,399.9
2014-10-05,293.5
2014-10-06,441.6
2014-10-07,415.7
2014-10-08,481.7
2014-10-09,441.6
2014-10-10,346.1
2014-10-11,471.0
2014-10-12,134.25
2014-10-13,89.44444444444444
2014-10-14,115.75
2014-10-15,421.2
2014-10-16,437.8
2014-10-17,194.0
2014-10-18,199.66666666666666
2014-10-19,350.4
2014-10-20,418.4
2014-10-21,419.6
2014-10-22,447.77777777777777
2014-10-23,139.71428571428572
2014-10-24,199.77777777777777
2014-10-25,413.55555555555554
2014-10-26,407.0
2014-10-27,342.3333333333333
2014-10-28,371.44444444444446
2014-10-29,412.8888888888889
2014-10-30,225.55555555555554
2014-10-31,421.22222222222223
2014-11-01,410.8888888888889
2014-11-02,197.66666666666666
2014-11-03,279.3333333333333
2014-11-04,299.625
2014-11-05,188.55555555555554
2014-11-06,286.25
2014-11-07,245.0
2014-11-08,361.25
2014-11-09,256.5
2014-11-10,297.3333333333333
2014-11-11,149.42857142857142
2014-11-12,205.22222222222223
2014-11-13,100.625
2014-11-14,353.22222222222223
2014-11-15,187.375
2014-11-16,328.0
2014-11-17,262.75
2014-11-18,318.125
2014-11-19,170.375
2014-11-20,344.55555555555554
2014-11-21,356.125
2014-11-22,112.83333333333333
2014-11-23,73.25
2014-11-25,358.125
2014-11-26,198.625
2014-11-27,360.0
2014-11-28,231.875
2014-11-29,271.125
2014-11-30,250.25
2014-12-01,231.0
2014-12-02,216.375
2014-12-03,318.75
2014-12-04,169.625
2014-12-05,138.57142857142858
2014-12-06,306.625
2014-12-07,184.875
2014-12-08,49.0
2014-12-09,226.0
2014-12-10,96.75
2014-12-11,217.125
2014-12-12,89.14285714285714
2014-12-13,143.75
2014-12-14,119.66666666666667
2014-12-15,40.8
2014-12-16,79.33333333333333
2014-12-17,280.875
2014-12-18,148.28571428571428
2014-12-19,218.71428571428572
2014-12-20,87.0
2014-12-21,63.57142857142857
2014-12-22,72.2
2014-12-23,146.0
2014-12-24,53.2
2014-12-25,258.125
2014-12-26,124.125
2014-12-27,143.85714285714286
2014-12-28,308.25
2014-12-29,138.0
2014-12-30,275.375
2014-12-31,311.25
2015-01-01,259.625
2015-01-02,222.375
2015-01-03,146.33333333333334
2015-01-04,287.42857142857144
2015-01-05,159.66666666666666
2015-01-07,478.0
2015-01-09,350.125
2015-01-10,207.75
2015-01-11,242.125
2015-01-12,360.75
2015-01-13,358.0
2015-01-14,192.5
2015-01-15,346.875
2015-01-16,348.875
2015-01-17,163.71428571428572
2015-01-18,317.0
2015-01-19,197.375
2015-01-20,233.0
2015-01-21,48.666666666666664
2015-01-22,117.375
2015-01-23,338.25
2015-01-24,359.625
2015-01-25,239.0
2015-01-26,236.66666666666666
2015-01-27,153.25
2015-01-28,314.375
2015-01-29,121.85714285714286
2015-01-30,417.25
2015-01-31,179.71428571428572
2015-02-07,341.5
2015-02-08,266.375
2015-02-09,196.11111111111111
2015-02-10,201.33333333333334
2015-02-11,293.22222222222223
2015-02-12,426.1111111111111
2015-02-13,335.55555555555554
2015-02-14,440.44444444444446
2015-02-15,197.11111111111111
2015-02-16,305.1111111111111
2015-02-17,337.4
2015-02-18,494.22222222222223
2015-02-19,461.0
2015-02-20,361.0
2015-02-21,176.125
2015-02-22,463.5
2015-02-23,487.8
2015-02-24,337.8
2015-02-25,184.57142857142858
2015-02-26,617.2857142857143
2015-02-27,553.3333333333334
2015-02-28,382.8888888888889
2015-03-01,402.22222222222223
2015-03-02,297.4
2015-03-03,151.25
2015-03-04,477.5
2015-03-05,541.8
2015-03-06,507.3
2015-03-07,517.4
2015-03-08,427.4
2015-03-09,507.3
2015-03-10,419.6363636363636
2015-03-11,529.2
2015-03-12,510.7
2015-03-13,431.3
2015-03-14,493.4
2015-03-15,400.1
2015-03-16,435.8181818181818
2015-03-17,436.6363636363636
2015-03-18,266.09090909090907
2015-03-19,110.9
2015-03-20,516.0909090909091
2015-03-21,531.0909090909091
2015-03-22,381.1818181818182
2015-03-23,200.6
2015-03-24,208.0
2015-03-25,287.8181818181818
2015-03-26,565.4545454545455
2015-03-27,590.2727272727273
2015-03-28,537.6666666666666
2015-03-29,378.5
2015-03-30,499.4166666666667
2015-03-31,537.3333333333334
2015-04-01,528.1666666666666
2015-04-02,470.90909090909093
2015-04-03,415.90909090909093
2015-04-04,548.1666666666666
2015-04-05,540.3333333333334
2015-04-06,252.0909090909091
2015-04-07,125.4
2015-04-08,199.63636363636363
2015-04-09,257.72727272727275
2015-04-10,579.4166666666666
2015-04-11,573.3333333333334
2015-04-12,285.3333333333333
2015-04-13,501.5833333333333
2015-04-14,497.25
2015-04-15,465.5
2015-04-16,527.5
2015-04-17,547.1666666666666
2015-04-18,442.09090909090907
2015-04-19,409.8
2015-04-20,240.5
2015-04-21,528.1666666666666
2015-04-22,636.0
2015-04-23,642.0
2015-04-24,146.5
2015-04-25,169.72727272727272
2015-04-26,634.3333333333334
2015-04-27,636.3333333333334
2015-04-28,606.8333333333334
2015-04-29,513.5833333333334
2015-04-30,642.1666666666666
2015-05-01,456.1666666666667
2015-05-02,450.8333333333333
2015-05-03,410.4166666666667
2015-05-04,402.5
2015-05-05,385.3333333333333
2015-05-06,440.84615384615387
2015-05-07,429.6666666666667
2015-05-08,245.0
2015-05-09,424.2857142857143
2015-05-10,293.8
2015-05-11,308.3333333333333
2015-05-12,569.1538461538462
2015-05-13,647.5833333333334
2015-05-14,158.63636363636363
2015-05-15,459.53846153846155
2015-05-16,368.38461538461536
2015-05-17,419.38461538461536
2015-05-18,634.1538461538462
2015-05-19,535.25
2015-05-20,168.41666666666666
2015-05-21,601.0
2015-05-22,517.0
2015-05-23,485.85714285714283
2015-05-24,193.07692307692307
2015-05-25,495.5
2015-05-26,330.61538461538464
2015-05-27,565.8571428571429
2015-05-28,559.2307692307693
2015-05-29,348.07142857142856
2015-05-30,212.30769230769232
2015-05-31,661.4615384615385
2015-06-01,597.0
2015-06-02,523.1428571428571
2015-06-03,435.35714285714283
2015-06-04,535.1538461538462
2015-06-05,513.2142857142857
2015-06-06,464.07142857142856
2015-06-07,435.4166666666667
2015-06-08,549.5
2015-06-09,591.1428571428571
2015-06-10,505.64285714285717
2015-06-11,256.0833333333333
2015-06-12,223.9090909090909
2015-06-13,248.42857142857142
2015-06-14,469.0769230769231
2015-06-15,277.15384615384613
2015-06-16,603.1428571428571
2015-06-17,361.07142857142856
2015-06-18,499.64285714285717
2015-06-19,610.3571428571429
2015-06-20,466.1666666666667
2015-06-21,404.35714285714283
2015-06-22,176.9090909090909
2015-06-23,626.5384615384615
2015-06-24,280.0
2015-06-25,286.14285714285717
2015-06-26,258.38461538461536
2015-06-27,590.7857142857143
2015-06-28,209.14285714285714
2015-06-29,514.3571428571429
2015-06-30,458.14285714285717
2015-07-01,434.14285714285717
2015-07-02,453.42857142857144
2015-07-03,558.0714285714286
2015-07-04,544.4285714285714
2015-07-05,506.92857142857144
2015-07-06,252.45454545454547
2015-07-07,414.42857142857144
2015-07-08,307.57142857142856
2015-07-09,493.2142857142857
2015-07-10,541.0
2015-07-11,393.8181818181818
2015-07-12,565.0769230769231
2015-07-13,509.53846153846155
2015-07-14,537.4615384615385
2015-07-15,419.61538461538464
2015-07-16,217.0
2015-07-17,616.0
2015-07-18,441.14285714285717
2015-07-19,419.2857142857143
2015-07-20,305.92857142857144
2015-07-21,626.2307692307693
2015-07-22,424.2307692307692
2015-07-23,610.8461538461538
2015-07-24,338.1666666666667
2015-07-25,499.75
2015-07-26,496.09090909090907
2015-07-27,371.64285714285717
2015-07-28,403.5
2015-07-29,597.2307692307693
2015-07-30,610.6153846153846
2015-07-31,607.5384615384615
2015-08-01,532.0
2015-08-02,566.9230769230769
2015-08-03,608.0
2015-08-04,426.0
2015-08-05,439.53846153846155
2015-08-06,479.0769230769231
2015-08-07,454.9166666666667
2015-08-08,242.16666666666666
2015-08-09,230.83333333333334
2015-08-10,525.4166666666666
2015-08-11,555.9166666666666
2015-08-12,615.9166666666666
2015-08-13,498.2307692307692
2015-08-14,531.9166666666666
2015-08-15,585.6666666666666
2015-08-16,545.0833333333334
2015-08-17,356.6666666666667
2015-08-18,219.5
2015-08-19,212.08333333333334
2015-08-20,610.1666666666666
2015-08-21,573.8333333333334
2015-08-22,465.9166666666667
2015-08-23,599.5
2015-08-24,603.5
2015-08-25,591.1666666666666
2015-08-26,563.75
2015-08-27,415.5833333333333
2015-08-28,138.0
2015-08-29,217.1818181818182
2015-08-30,397.54545454545456
2015-08-31,462.0
2015-09-01,492.6666666666667
2015-09-02,375.5
2015-09-03,506.6666666666667
2015-09-04,510.0
2015-09-05,440.75
2015-09-06,501.25
2015-09-07,462.4166666666667
2015-09-08,350.09090909090907
2015-09-09,526.5
2015-09-10,463.25
2015-09-11,516.6666666666666
2015-09-12,524.0833333333334
2015-09-13,514.5833333333334
2015-09-14,483.6666666666667
2015-09-15,454.5833333333333
2015-09-16,467.6666666666667
2015-09-17,228.77777777777777
2015-09-18,128.42857142857142
2015-09-19,498.25
2015-09-20,482.5
2015-09-21,475.0
2015-09-22,337.09090909090907
2015-09-23,415.1666666666667
2015-09-24,421.4
2015-09-25,406.9
2015-09-26,502.8
2015-09-27,312.5
2015-09-28,467.0
2015-09-29,349.22222222222223
2015-09-30,532.3
2015-10-01,516.9
2015-10-02,522.0
2015-10-03,515.6
2015-10-04,201.4
2015-10-05,260.0
2015-10-06,306.3
2015-10-07,438.7
2015-10-08,359.5
2015-10-09,333.6
2015-10-10,421.4
2015-10-11,453.7
2015-10-12,434.7
2015-10-13,454.1
2015-10-14,456.7
2015-10-15,444.3
2015-10-16,413.8
2015-10-17,446.5
2015-10-18,425.2
2015-10-19,289.8
2015-10-20,264.0
2015-10-21,214.4
2015-10-22,298.3
2015-10-23,67.83333333333333
2015-10-24,137.11111111111111
2015-10-25,394.6
2015-10-26,288.9
2015-10-27,86.25
2015-10-28,95.0
2015-10-29,128.22222222222223
2015-10-30,277.1111111111111
2015-10-31,101.57142857142857
2015-11-01,353.4
2015-11-02,351.4
2015-11-03,353.3
2015-11-04,305.8888888888889
2015-11-05,170.42857142857142
2015-11-06,242.8
2015-11-07,339.4
2015-11-08,341.9
2015-11-09,340.9
2015-11-10,343.0
2015-11-11,100.44444444444444
2015-11-12,357.5
2015-11-13,360.44444444444446
2015-11-14,273.3
2015-11-15,293.1111111111111
2015-11-16,105.16666666666667
2015-11-17,90.0
2015-11-18,155.14285714285714
2015-11-19,336.0
2015-11-20,123.0
2015-11-23,377.6
2015-11-24,331.5
2015-11-25,205.28571428571428
2015-11-27,115.0
2015-11-28,207.5
2015-11-29,155.625
2015-11-30,110.85714285714286
2015-12-01,122.0
2015-12-02,253.57142857142858
2015-12-03,172.75
2015-12-04,321.625
2015-12-05,260.25
2015-12-06,109.6
2015-12-07,174.5
2015-12-08,173.625
2015-12-09,276.75
2015-12-10,190.625
2015-12-11,178.25
2015-12-12,121.71428571428571
2015-12-13,132.0
2015-12-14,154.42857142857142
2015-12-15,90.85714285714286
2015-12-16,113.14285714285714
2015-12-17,192.0
2015-12-18,258.375
2015-12-19,296.125
2015-12-20,179.85714285714286
2015-12-21,100.0
2015-12-22,105.57142857142857
2015-12-23,152.5
2015-12-24,173.71428571428572
2015-12-25,84.57142857142857
2015-12-26,81.33333333333333
2015-12-27,180.71428571428572
2015-12-31,454.0
2016-01-01,218.66666666666666
2016-01-02,409.4
2016-01-04,357.7142857142857
2016-01-05,266.85714285714283
2016-01-06,90.8
2016-01-08,114.8
2016-01-09,163.0
2016-01-10,318.77777777777777
2016-01-11,173.375
2016-01-12,322.0
2016-01-13,258.77777777777777
2016-01-14,309.0
2016-01-15,47.285714285714285
2016-01-16,340.75
2016-01-17,332.44444444444446
2016-01-18,316.25
2016-01-19,238.33333333333334
2016-01-20,280.25
2016-01-21,277.1111111111111
2016-01-22,149.0
2016-01-23,297.55555555555554
2016-01-24,223.0
2016-01-25,128.57142857142858
2016-01-26,115.28571428571429
2016-01-27,298.77777777777777
2016-01-28,205.11111111111111
2016-01-29,300.1111111111111
2016-01-30,294.25
2016-01-31,226.71428571428572
2016-02-01,144.0
2016-02-02,108.85714285714286
2016-02-03,146.55555555555554
2016-02-04,210.55555555555554
2016-02-05,252.22222222222223
2016-02-06,237.44444444444446
2016-02-07,383.3333333333333
2016-02-08,186.0
2016-02-09,329.1111111111111
2016-02-10,239.55555555555554
2016-02-11,429.8888888888889
2016-02-12,443.0
2016-02-13,353.3333333333333
2016-02-14,140.5
2016-02-15,179.75
2016-02-16,212.66666666666666
2016-02-17,186.77777777777777
2016-02-18,305.4
2016-02-19,417.2
2016-02-20,418.2
2016-02-21,249.1
2016-02-22,330.4
2016-02-23,304.6
2016-02-24,137.5
2016-02-25,339.8888888888889
2016-02-26,358.22222222222223
2016-02-27,423.3636363636364
2016-02-28,257.8
2016-02-29,332.5
2016-03-01,179.66666666666666
2016-03-02,330.6
2016-03-03,140.57142857142858
2016-03-04,225.9
2016-03-05,191.54545454545453
2016-03-06,389.0
2016-03-07,276.0
2016-03-08,308.3636363636364
2016-03-09,359.3636363636364
2016-03-10,422.54545454545456
2016-03-11,480.54545454545456
2016-03-12,213.3
2016-03-13,125.88888888888889
2016-03-14,275.45454545454544
2016-03-15,213.66666666666666
2016-03-16,504.54545454545456
2016-03-17,472.54545454545456
2016-03-18,425.6363636363636
2016-03-19,338.4
2016-03-20,416.27272727272725
2016-03-21,495.90909090909093
2016-03-22,319.45454545454544
2016-03-23,86.33333333333333
2016-03-24,195.75
2016-03-25,549.1818181818181
2016-03-26,275.90909090909093
2016-03-27,158.44444444444446
2016-03-28,522.4166666666666
2016-03-29,493.3333333333333
2016-03-30,321.1
2016-03-31,124.0
2016-04-01,396.1818181818182
2016-04-02,553.25
2016-04-03,484.4166666666667
2016-04-04,528.3333333333334
2016-04-05,276.25
2016-04-06,303.3636363636364
2016-04-07,314.4166666666667
2016-04-08,447.1666666666667
2016-04-09,572.0833333333334
2016-04-10,182.45454545454547
2016-04-11,587.75
2016-04-12,593.1666666666666
2016-04-13,571.9166666666666
2016-04-14,583.6666666666666
2016-04-15,549.1666666666666
2016-04-16,570.0833333333334
2016-04-17,526.0
2016-04-18,416.1666666666667
2016-04-19,268.54545454545456
2016-04-20,225.25
2016-04-21,333.5
2016-04-22,258.0833333333333
2016-04-23,468.6923076923077
2016-04-24,446.84615384615387
2016-04-25,515.5833333333334
2016-04-26,272.3333333333333
2016-04-27,143.4
2016-04-28,113.76923076923077
2016-04-29,256.0833333333333
2016-04-30,118.2
2016-05-01,141.75
2016-05-02,299.27272727272725
2016-05-03,526.1538461538462
2016-05-04,668.3333333333334
2016-05-05,608.0
2016-05-06,590.2307692307693
2016-05-07,379.9230769230769
2016-05-08,519.5833333333334
2016-05-09,186.2
2016-05-10,348.2307692307692
2016-05-11,345.6363636363636
2016-05-12,434.0769230769231
2016-05-13,450.27272727272725
2016-05-14,592.9230769230769
2016-05-15,591.9285714285714
2016-05-16,407.7142857142857
2016-05-17,376.64285714285717
2016-05-18,651.3846153846154
2016-05-19,591.7142857142857
2016-05-20,303.0
2016-05-21,584.0
2016-05-22,597.7142857142857
2016-05-23,531.0714285714286
2016-05-24,432.92857142857144
2016-05-25,451.1666666666667
2016-05-26,513.3076923076923
2016-05-27,430.61538461538464
2016-05-28,477.7142857142857
2016-05-29,579.5
2016-05-30,512.6428571428571
2016-05-31,425.07142857142856
2016-06-01,577.5714285714286
2016-06-02,611.2857142857143
2016-06-03,590.9285714285714
2016-06-04,580.0769230769231
2016-06-05,605.0
2016-06-06,616.0714285714286
2016-06-07,628.4285714285714
2016-06-08,602.8571428571429
2016-06-09,572.6153846153846
2016-06-10,561.5
2016-06-11,487.42857142857144
2016-06-12,570.3076923076923
2016-06-13,571.7142857142857
2016-06-14,493.14285714285717
2016-06-15,600.8571428571429
2016-06-16,611.5714285714286
2016-06-17,611.2857142857143
2016-06-18,588.2857142857143
2016-06-19,603.0
2016-06-20,580.4615384615385
2016-06-21,621.7142857142857
2016-06-22,495.15384615384613
2016-06-23,549.7142857142857
2016-06-24,574.2857142857143
2016-06-25,522.7857142857143
2016-06-26,569.5384615384615
2016-06-27,594.8571428571429
2016-06-28,617.9230769230769
2016-06-29,538.1428571428571
2016-06-30,467.6363636363636
2016-07-01,662.8461538461538
2016-07-02,269.61538461538464
2016-07-03,410.7857142857143
2016-07-04,229.76923076923077
2016-07-05,499.0
2016-07-06,350.2307692307692
2016-07-07,538.5
2016-07-08,648.6923076923077
2016-07-09,643.0
2016-07-10,269.6666666666667
2016-07-11,576.0714285714286
2016-07-12,541.4615384615385
2016-07-13,338.15384615384613
2016-07-14,620.9230769230769
2016-07-15,433.6923076923077
2016-07-16,631.5384615384615
2016-07-17,317.7692307692308
2016-07-18,533.0833333333334
2016-07-19,185.16666666666666
2016-07-20,467.0769230769231
2016-07-21,593.1538461538462
2016-07-22,512.6923076923077
2016-07-23,371.85714285714283
2016-07-24,493.38461538461536
2016-07-25,561.0714285714286
2016-07-26,444.15384615384613
2016-07-27,471.14285714285717
2016-07-28,515.5384615384615
2016-07-29,332.7692307692308
2016-07-30,327.6923076923077
2016-07-31,489.9230769230769
2016-08-01,353.5
2016-08-02,284.0769230769231
2016-08-03,491.84615384615387
2016-08-04,637.7272727272727
2016-08-05,564.1538461538462
2016-08-06,539.5384615384615
2016-08-07,333.0
2016-08-08,510.2307692307692
2016-08-09,467.46153846153845
2016-08-10,547.6666666666666
2016-08-11,382.15384615384613
2016-08-12,342.72727272727275
2016-08-13,600.25
2016-08-14,458.0769230769231
2016-08-15,423.75
2016-08-16,521.2307692307693
2016-08-17,477.6923076923077
2016-08-18,572.75
2016-08-19,540.6666666666666
2016-08-20,380.75
2016-08-21,587.25
2016-08-22,586.3333333333334
2016-08-23,427.25
2016-08-24,494.0833333333333
2016-08-25,278.75
2016-08-26,349.9166666666667
2016-08-27,420.9166666666667
2016-08-28,481.4166666666667
2016-08-29,315.0833333333333
2016-08-30,370.5833333333333
2016-08-31,518.5833333333334
2016-09-01,500.0
2016-09-02,541.6666666666666
2016-09-03,435.3333333333333
2016-09-04,335.5833333333333
2016-09-05,506.5833333333333
2016-09-06,507.1666666666667
2016-09-07,256.8181818181818
2016-09-08,446.8333333333333
2016-09-09,500.5
2016-09-10,412.1666666666667
2016-09-11,515.25
2016-09-12,455.25
2016-09-13,327.72727272727275
2016-09-14,440.75
2016-09-15,381.0833333333333
2016-09-16,363.0
2016-09-17,486.1666666666667
2016-09-18,480.6666666666667
2016-09-19,492.6363636363636
2016-09-20,461.1666666666667
2016-09-21,300.3333333333333
2016-09-22,237.5
2016-09-23,322.55555555555554
2016-09-24,421.45454545454544
2016-09-25,318.27272727272725
2016-09-26,553.5
2016-09-27,497.72727272727275
2016-09-28,246.2
2016-09-29,515.4
2016-09-30,226.5
2016-10-01,164.7
2016-10-02,326.9
2016-10-03,287.4
2016-10-04,423.7
2016-10-05,458.22222222222223
2016-10-06,197.7
2016-10-07,479.9
2016-10-08,469.8
2016-10-09,453.4
2016-10-10,314.3
2016-10-11,442.2
2016-10-12,138.0
2016-10-13,464.8
2016-10-14,333.1
2016-10-15,156.42857142857142
2016-10-16,335.6
2016-10-17,341.2
2016-10-18,416.5
2016-10-19,244.1
2016-10-20,400.7
2016-10-21,384.9
2016-10-22,407.7
2016-10-23,398.0
2016-10-24,388.2
2016-10-25,241.77777777777777
2016-10-26,166.0
2016-10-27,180.1
2016-10-28,274.4
2016-10-29,312.5
2016-10-30,204.5
2016-10-31,244.4
2016-11-01,346.1111111111111
2016-11-02,192.375
2016-11-03,347.1
2016-11-04,342.2
2016-11-05,319.6
2016-11-06,332.1
2016-11-07,292.8888888888889
2016-11-08,332.9
2016-11-09,335.8
2016-11-10,361.3333333333333
2016-11-11,337.8888888888889
2016-11-12,356.44444444444446
2016-11-13,354.3333333333333
2016-11-14,289.77777777777777
2016-11-15,313.3333333333333
2016-11-16,321.8888888888889
2016-11-17,255.875
2016-11-18,161.0
2016-11-19,372.625
2016-11-20,330.125
2016-11-21,349.875
2016-11-22,98.33333333333333
2016-11-23,215.33333333333334
2016-11-24,111.5
2016-11-25,130.125
2016-11-26,285.125
2016-11-27,125.42857142857143
2016-11-28,88.0
2016-11-29,239.125
2016-11-30,91.28571428571429
2016-12-01,71.16666666666667
2016-12-02,126.75
2016-12-03,146.875
2016-12-06,358.0
2016-12-07,261.75
2016-12-08,142.75
2016-12-09,291.125
2016-12-10,184.0
2016-12-12,377.3333333333333
2016-12-13,340.3333333333333
2016-12-14,301.85714285714283
2016-12-15,182.0
2016-12-16,34.0
2016-12-17,108.8
2016-12-18,358.42857142857144
2016-12-19,346.0
2016-12-20,186.875
2016-12-21,113.125
2016-12-22,250.875
2016-12-23,71.75
2016-12-24,150.375
2016-12-25,11.0
2016-12-26,304.125
2016-12-27,304.375
2016-12-28,130.5
2016-12-29,218.25
2016-12-30,233.25
2016-12-31,302.125
2017-01-01,251.375
2017-01-02,41.6
2017-01-03,107.85714285714286
2017-01-04,311.625
2017-01-05,242.0
2017-01-06,276.77777777777777
2017-01-07,299.6666666666667
2017-01-08,232.625
2017-01-09,79.85714285714286
2017-01-10,66.2
2017-01-11,111.14285714285714
2017-01-12,277.5
2017-01-13,154.66666666666666
2017-01-14,256.8888888888889
2017-01-15,113.75
2017-01-16,40.333333333333336
2017-01-17,121.0
2017-01-18,196.11111111111111
2017-01-19,109.625
2017-01-20,122.0
2017-01-21,169.85714285714286
2017-01-22,128.875
2017-01-23,121.71428571428571
2017-01-24,62.0
2017-01-25,39.833333333333336
2017-01-26,146.625
2017-01-27,321.25
2017-01-28,231.0
2017-01-29,158.875
2017-01-30,209.22222222222223
2017-01-31,160.88888888888889
2017-02-01,308.8888888888889
2017-02-02,342.0
2017-02-03,405.55555555555554
2017-02-04,99.22222222222223
2017-02-05,349.22222222222223
2017-02-06,348.44444444444446
2017-02-07,132.25
2017-02-08,386.4
2017-02-09,428.22222222222223
2017-02-10,322.8888888888889
2017-02-11,270.55555555555554
2017-02-12,440.22222222222223
2017-02-13,404.0
2017-02-14,399.77777777777777
2017-02-15,447.1111111111111
2017-02-16,324.22222222222223
2017-02-17,414.4
2017-02-18,422.7
2017-02-19,374.5
2017-02-20,171.0
2017-02-21,394.8181818181818
2017-02-22,427.0
2017-02-23,120.0
2017-02-24,108.75
2017-02-25,286.875
2017-02-26,251.16666666666666
2017-02-27,427.5
2017-02-28,114.375
2017-03-01,68.375
2017-03-02,346.7
2017-03-03,456.0
2017-03-04,281.5882352941176
2017-03-05,150.0
2017-03-06,93.9375
2017-03-07,210.45833333333334
2017-03-08,237.72222222222223
2017-03-09,357.45454545454544
2017-03-10,267.1875
2017-03-11,215.0
2017-03-12,347.9
2017-03-13,17.0
2017-03-14,361.7857142857143
2017-03-15,265.54545454545456
2017-03-16,227.1578947368421
2017-03-17,495.27272727272725
2017-03-18,342.6363636363636
2017-03-19,319.4375
2017-03-20,268.85
2017-03-21,297.45454545454544
2017-03-29,116.6
2017-03-30,113.44444444444444
2017-03-31,134.0
2017-04-01,277.3529411764706
2017-04-02,79.42105263157895
2017-04-03,138.45454545454547
2017-04-04,312.09090909090907
2017-04-05,98.4375
2017-04-06,348.05263157894734
2017-04-07,587.3333333333334
2017-04-08,513.4166666666666
2017-04-09,375.2142857142857
2017-04-10,224.41176470588235
2017-04-11,251.26315789473685
2017-04-12,444.9166666666667
2017-04-13,388.07142857142856
2017-04-14,229.75
2017-04-15,215.7
2017-04-16,487.53846153846155
2017-04-17,444.1875
2017-04-18,269.95
2017-04-19,259.46666666666664
2017-04-20,178.42105263157896
2017-04-21,462.38461538461536
2017-04-22,632.25
2017-04-23,627.25
2017-04-24,606.3333333333334
2017-04-25,338.0
2017-04-26,148.53846153846155
2017-04-27,261.3333333333333
2017-04-28,168.36363636363637
2017-04-29,109.61538461538461
2017-04-30,128.6
2017-05-01,210.75
2017-05-02,450.46153846153845
2017-05-03,314.47058823529414
2017-05-04,367.76190476190476
2017-05-05,465.94117647058823
2017-05-06,444.0
2017-05-07,529.3846153846154
2017-05-08,498.6923076923077
2017-05-09,532.8571428571429
2017-05-10,107.58333333333333
2017-05-11,493.61538461538464
2017-05-12,625.6153846153846
2017-05-13,569.5
2017-05-14,555.6923076923077
2017-05-15,481.4
2017-05-16,527.0666666666667
2017-05-17,390.5833333333333
2017-05-18,298.85714285714283
2017-05-19,172.0
2017-05-20,199.1875
2017-05-21,129.1
2017-05-22,374.85714285714283
2017-05-23,291.2857142857143
2017-05-24,249.93333333333334
2017-05-25,555.8
2017-05-26,172.35294117647058
2017-05-27,243.05
2017-05-28,582.3571428571429
2017-05-29,558.3076923076923
2017-05-30,491.07142857142856
2017-05-31,548.875
2017-06-01,538.3125
2017-06-02,455.8888888888889
2017-06-03,366.5238095238095
2017-06-04,432.44444444444446
2017-06-05,355.5416666666667
2017-06-06,437.9
2017-06-07,483.1666666666667
2017-06-08,343.4
2017-06-09,481.6875
2017-06-10,460.27777777777777
2017-06-11,412.35
2017-06-12,543.2142857142857
2017-06-13,530.8571428571429
2017-06-14,376.0
2017-06-15,431.1578947368421
2017-06-16,392.75
2017-06-17,417.2142857142857
2017-06-18,496.8125
2017-06-19,458.125
2017-06-20,491.42857142857144
2017-06-21,340.54545454545456
2017-06-22,416.7692307692308
2017-06-23,584.7857142857143
2017-06-24,620.6428571428571
2017-06-25,443.4117647058824
2017-06-26,293.8695652173913
2017-06-27,402.6363636363636
2017-06-28,287.5882352941176
2017-06-29,204.4090909090909
2017-06-30,329.3888888888889
2017-07-01,406.14285714285717
2017-07-02,375.92857142857144
2017-07-03,441.26666666666665
2017-07-04,387.6111111111111
2017-07-05,305.77272727272725
2017-07-06,584.0714285714286
2017-07-07,496.70588235294116
2017-07-08,379.1363636363636
2017-07-09,379.8095238095238
2017-07-10,343.2352941176471
2017-07-11,199.0
2017-07-12,253.375
2017-07-13,310.1363636363636
2017-07-14,559.5333333333333
2017-07-15,499.4375
2017-07-16,437.7647058823529
2017-07-17,393.6190476190476
2017-07-18,377.85714285714283
2017-07-19,443.1764705882353
2017-07-20,359.57894736842104
2017-07-21,403.0833333333333
2017-07-22,443.38461538461536
2017-07-23,520.9333333333333
2017-07-24,404.7692307692308
2017-07-25,538.0
2017-07-26,289.3076923076923
2017-07-27,382.44444444444446
2017-07-28,338.5217391304348
2017-07-29,395.85
2017-07-30,620.1538461538462
2017-07-31,483.7857142857143
2017-08-01,551.1538461538462
2017-08-02,455.8666666666667
2017-08-03,437.84615384615387
2017-08-04,590.5384615384615
2017-08-05,448.0769230769231
2017-08-06,446.6923076923077
2017-08-07,457.85714285714283
2017-08-08,577.7692307692307
2017-08-09,574.6923076923077
2017-08-10,348.92857142857144
2017-08-11,554.1538461538462
2017-08-12,421.52941176470586
2017-08-13,216.66666666666666
2017-08-14,395.6
2017-08-15,359.61538461538464
2017-08-16,416.0833333333333
2017-08-17,392.84615384615387
2017-08-18,467.6923076923077
2017-08-19,581.0833333333334
2017-08-20,249.07142857142858
2017-08-21,208.89473684210526
2017-08-22,508.2307692307692
2017-08-23,434.75
2017-08-24,267.55555555555554
2017-08-25,422.6666666666667
2017-08-26,347.25
2017-08-27,210.08333333333334
2017-08-28,427.0833333333333
2017-08-29,365.5
2017-08-30,294.3157894736842
2017-08-31,252.7058823529412
2017-09-01,352.7894736842105
2017-09-02,324.84615384615387
2017-09-03,496.75
2017-09-04,381.2
2017-09-05,428.3076923076923
2017-09-06,284.9166666666667
2017-09-07,517.25
2017-09-08,521.0833333333334
2017-09-09,477.9166666666667
2017-09-10,467.2307692307692
2017-09-11,509.3333333333333
2017-09-12,477.25
2017-09-13,345.8235294117647
2017-09-14,277.2
2017-09-15,398.38461538461536
2017-09-16,323.0
2017-09-17,330.6666666666667
2017-09-18,368.5833333333333
2017-09-19,335.72727272727275
2017-09-20,440.8181818181818
2017-09-21,367.0
2017-09-22,444.5
2017-09-23,384.5
2017-09-24,365.1666666666667
2017-09-25,433.54545454545456
2017-09-26,174.45454545454547
2017-09-27,324.8333333333333
2017-09-28,480.54545454545456
2017-09-29,485.6363636363636
2017-09-30,452.72727272727275
2017-10-01,384.8181818181818
2017-10-02,364.09090909090907
2017-10-03,289.2
2017-10-04,288.2
2017-10-05,267.0
2017-10-06,74.375
2017-10-07,154.0909090909091
2017-10-08,473.4
2017-10-09,415.54545454545456
2017-10-10,55.90909090909091
2017-10-11,54.82608695652174
2017-10-12,86.72222222222223
2017-10-13,356.2
2017-10-14,39.285714285714285
2017-10-15,151.35714285714286
2017-10-16,275.625
2017-10-17,178.875
2017-10-18,248.64705882352942
2017-10-19,391.0
2017-10-20,385.0
2017-10-21,292.90909090909093
2017-10-22,66.25
2017-10-23,122.11111111111111
2017-10-24,212.8
2017-10-25,356.27272727272725
2017-10-26,295.0
2017-10-27,105.2
2017-10-28,107.88888888888889
2017-10-29,112.73333333333333
2017-10-30,114.11764705882354
2017-10-31,289.7
2017-11-01,116.75
2017-11-02,94.5
2017-11-03,159.6315789473684
2017-11-04,96.42857142857143
2017-11-05,91.57142857142857
2017-11-06,87.95652173913044
2017-11-07,86.47058823529412
2017-11-08,197.1764705882353
2017-11-09,201.2941176470588
2017-11-10,313.4
2017-11-11,105.70588235294117
2017-11-12,48.708333333333336
2017-11-13,72.11764705882354
2017-11-14,31.5
2017-11-15,190.5
2017-11-16,250.25
2017-11-17,104.85714285714286
2017-11-18,198.57142857142858
2017-11-19,262.9
2017-11-20,262.54545454545456
2017-11-21,240.88888888888889
2017-11-22,303.3333333333333
2017-11-23,338.375
2017-11-24,295.1111111111111
2017-11-25,303.55555555555554
2017-11-26,151.9375
2017-11-27,127.70588235294117
2017-11-28,155.55555555555554
2017-11-29,331.0
2017-11-30,330.0
2017-12-01,256.5
2017-12-02,296.0
2017-12-03,227.9
2017-12-04,151.5
2017-12-05,244.875
2017-12-06,225.0
2017-12-07,322.875
2017-12-08,305.75
2017-12-09,273.875
2017-12-10,234.0
2017-12-11,165.57142857142858
2017-12-12,152.1875
2017-12-13,14.761904761904763
2017-12-14,81.33333333333333
2017-12-15,43.166666666666664
2017-12-16,234.2
2017-12-17,106.57142857142857
2017-12-18,272.5
2017-12-19,127.75
2017-12-20,120.875
2017-12-21,23.866666666666667
2017-12-22,85.6
2017-12-23,200.3
2017-12-24,0.0
2017-12-25,210.44444444444446
2017-12-26,210.9
2017-12-27,228.1818181818182
2017-12-28,11.0
2017-12-29,5.6
2017-12-30,24.0
2017-12-31,67.5
2018-01-01,62.0
2018-01-02,28.0
2018-01-03,228.0
2018-01-04,1.625
2018-01-05,99.54545454545455
2018-01-06,160.5
2018-01-07,6.9
2018-01-08,160.0
2018-01-09,136.5
2018-01-10,117.625
2018-01-11,131.88888888888889
2018-01-12,242.7
2018-01-13,292.2
2018-01-14,118.75
2018-01-15,80.53333333333333
2018-01-16,122.82352941176471
2018-01-17,276.2
2018-01-18,315.1111111111111
2018-01-19,211.0
2018-01-20,181.2
2018-01-21,13.6
2018-01-22,140.5
2018-01-23,66.75
2018-01-24,188.77777777777777
2018-01-25,187.1875
2018-01-26,133.8235294117647
2018-01-27,350.8888888888889
2018-01-28,150.5
2018-01-29,353.77777777777777
2018-01-30,154.3
2018-01-31,121.66666666666667
2018-02-01,386.22222222222223
2018-02-02,315.3333333333333
2018-02-03,126.22222222222223
2018-02-04,263.55555555555554
2018-02-05,190.66666666666666
2018-02-06,31.0
2018-02-07,128.0
2018-02-08,100.0
2018-02-09,26.0
2018-02-10,41.5
2018-02-11,81.0
2018-02-12,93.5
2018-02-13,6.0
2018-02-14,465.0
2018-02-15,242.8181818181818
2018-02-16,274.75
2018-02-17,141.21052631578948
2018-02-18,379.7
2018-02-19,136.28571428571428
2018-02-20,76.5
2018-02-21,308.0
2018-02-22,62.266666666666666
2018-02-23,150.88888888888889
2018-02-24,98.11111111111111
2018-02-25,406.6363636363636
2018-02-26,422.09090909090907
2018-02-27,403.6363636363636
2018-02-28,223.88888888888889
2018-03-01,284.1764705882353
2018-03-02,203.42105263157896
2018-03-03,449.72727272727275
2018-03-04,479.5
2018-03-05,52.57142857142857
2018-03-06,124.5
2018-03-07,266.6111111111111
2018-03-08,311.6470588235294
2018-03-09,228.21052631578948
2018-03-10,280.0
2018-03-11,382.54545454545456
2018-03-12,507.0
2018-03-13,344.75
2018-03-14,295.10526315789474
2018-03-15,473.09090909090907
2018-03-16,244.41666666666666
2018-03-17,281.3
2018-03-18,368.4166666666667
2018-03-19,271.1875
2018-03-20,143.3
2018-03-21,544.0
2018-03-22,273.0
2018-03-23,240.58333333333334
2018-03-24,53.42857142857143
2018-03-25,580.375
2018-03-26,192.71428571428572
2018-03-27,149.3684210526316
2018-03-28,461.45454545454544
2018-03-29,439.45454545454544
2018-03-30,453.3333333333333
2018-03-31,376.3333333333333
2018-04-01,201.63636363636363
2018-04-02,211.625
2018-04-03,44.5625
2018-04-04,576.0
2018-04-05,279.75
2018-04-06,310.0
2018-04-07,592.0
2018-04-08,106.93333333333334
2018-04-09,124.33333333333333
2018-04-10,473.0
2018-04-11,388.45454545454544
2018-04-12,456.5
2018-04-13,146.5625
2018-04-14,31.26086956521739
2018-04-15,134.41176470588235
2018-04-16,291.42857142857144
2018-04-17,553.9230769230769
2018-04-18,83.7
2018-04-19,575.1538461538462
2018-04-20,453.7857142857143
2018-04-21,185.35294117647058
2018-04-22,269.35
2018-04-23,474.75
2018-04-24,535.3076923076923
2018-04-25,591.5833333333334
2018-04-26,480.42857142857144
2018-04-27,494.75
2018-04-28,605.0769230769231
2018-04-29,657.4166666666666
2018-04-30,611.25
2018-05-01,209.69230769230768
2018-05-02,297.75
2018-05-03,271.4166666666667
2018-05-04,512.8571428571429
2018-05-05,563.0769230769231
2018-05-06,430.70588235294116
2018-05-07,343.0869565217391
2018-05-08,249.6086956521739
2018-05-09,329.6190476190476
2018-05-10,411.8235294117647
2018-05-11,133.8421052631579
2018-05-12,168.30769230769232
2018-05-13,99.6
2018-05-14,219.85714285714286
2018-05-15,498.3076923076923
2018-05-16,578.7142857142857
2018-05-17,417.4
2018-05-18,400.53846153846155
2018-05-19,423.0
2018-05-20,214.83333333333334
2018-05-21,112.71428571428571
2018-05-22,415.93333333333334
2018-05-23,481.14285714285717
2018-05-24,462.8666666666667
2018-05-25,337.35714285714283
2018-05-26,591.0769230769231
2018-05-27,421.72222222222223
2018-05-28,312.95238095238096
2018-05-29,329.44444444444446
2018-05-30,265.8695652173913
2018-05-31,323.8
2018-06-01,583.0
2018-06-02,313.35714285714283
2018-06-03,490.05555555555554
2018-06-04,392.40909090909093
2018-06-05,517.3125
2018-06-06,353.15384615384613
2018-06-07,488.85714285714283
2018-06-08,535.8571428571429
2018-06-09,369.2307692307692
2018-06-10,237.1764705882353
2018-06-11,204.3684210526316
2018-06-12,433.0769230769231
2018-06-13,608.8571428571429
2018-06-14,198.14285714285714
2018-06-15,459.6666666666667
2018-06-16,385.65
2018-06-17,497.25
2018-06-18,501.5
2018-06-19,154.6153846153846
2018-06-20,368.1818181818182
2018-06-21,131.0
2018-06-22,236.46153846153845
2018-06-23,317.07142857142856
2018-06-24,363.3888888888889
2018-06-25,244.95
2018-06-26,287.07142857142856
2018-06-27,551.1428571428571
2018-06-28,363.2307692307692
2018-06-29,594.8571428571429
2018-06-30,451.6666666666667
2018-07-01,277.5416666666667
2018-07-02,451.36842105263156
2018-07-03,416.94444444444446
2018-07-04,383.8
2018-07-05,514.2857142857143
2018-07-06,476.8333333333333
2018-07-07,372.17391304347825
2018-07-08,411.2857142857143
2018-07-09,592.2142857142857
2018-07-10,549.8571428571429
2018-07-11,575.1428571428571
2018-07-12,435.8235294117647
2018-07-13,296.95652173913044
2018-07-14,221.5
2018-07-15,259.2
2018-07-16,571.3571428571429
2018-07-17,506.5
2018-07-18,530.6923076923077
2018-07-19,240.07692307692307
2018-07-20,135.7058823529412
2018-07-21,317.94736842105266
2018-07-22,210.38888888888889
2018-07-23,315.5
2018-07-24,578.8571428571429
2018-07-25,412.3529411764706
2018-07-26,390.36842105263156
2018-07-27,428.0
2018-07-28,232.65
2018-07-29,307.0
2018-07-30,280.72727272727275
2018-07-31,314.14285714285717
2018-08-01,415.52941176470586
2018-08-02,381.8095238095238
2018-08-03,482.64285714285717
2018-08-04,295.73333333333335
2018-08-05,380.53846153846155
2018-08-06,238.8235294117647
2018-08-07,172.2
2018-08-08,386.4117647058824
2018-08-09,367.25
2018-08-10,451.53846153846155
2018-08-11,517.0
2018-08-12,469.64285714285717
2018-08-13,405.8235294117647
2018-08-14,234.0
2018-08-15,276.1666666666667
2018-08-16,305.42857142857144
2018-08-17,447.6666666666667
2018-08-18,459.64285714285717
2018-08-19,382.46153846153845
2018-08-20,114.38461538461539
2018-08-21,239.22222222222223
2018-08-22,530.2307692307693
2018-08-23,515.8461538461538
2018-08-24,148.27272727272728
2018-08-25,554.6666666666666
2018-08-26,301.75
2018-08-27,355.4
2018-08-28,206.33333333333334
2018-08-29,560.5833333333334
2018-08-30,480.9166666666667
2018-08-31,368.1818181818182
2018-09-01,255.45454545454547
2018-09-02,339.0833333333333
2018-09-03,255.41666666666666
2018-09-04,452.3333333333333
2018-09-05,60.63636363636363
2018-09-06,143.35294117647058
2018-09-07,79.33333333333333
2018-09-08,271.38461538461536
2018-09-09,495.84615384615387
2018-09-10,489.9230769230769
2018-09-11,356.5882352941176
2018-09-12,323.8421052631579
2018-09-13,340.2352941176471
2018-09-14,230.5
2018-09-15,297.6842105263158
2018-09-16,490.6666666666667
2018-09-17,407.4166666666667
2018-09-18,81.05882352941177
2018-09-19,103.21052631578948
2018-09-20,406.1666666666667
2018-09-21,305.25
2018-09-22,480.75
2018-09-23,440.3076923076923
2018-09-24,276.0
2018-09-25,108.0
2018-09-26,435.4166666666667
2018-09-27,355.7692307692308
2018-09-28,69.8
2018-09-29,96.22222222222223
2018-09-30,116.4
2018-10-01,158.66666666666666
2018-10-02,140.41666666666666
2018-10-03,408.0
2018-10-04,509.4
2018-10-05,132.0
2018-10-06,107.33333333333333
2018-10-07,36.142857142857146
2018-10-08,193.2
2018-10-09,216.63636363636363
2018-10-10,173.4
2018-10-11,311.2
2018-10-12,128.1
2018-10-13,261.45454545454544
2018-10-14,83.6
2018-10-15,466.4
2018-10-16,436.9
2018-10-17,280.5625
2018-10-18,241.5
2018-10-19,97.2
2018-10-20,396.6363636363636
2018-10-21,262.5
2018-10-22,233.16666666666666
2018-10-23,379.45454545454544
2018-10-24,221.375
2018-10-25,84.38888888888889
2018-10-26,238.3
2018-10-27,376.9
2018-10-28,237.9375
2018-10-29,177.68421052631578
2018-10-30,138.5
2018-10-31,222.8
2018-11-01,104.4375
2018-11-02,154.1875
2018-11-03,46.0
2018-11-04,23.285714285714285
2018-11-05,79.22222222222223
2018-11-06,74.7
2018-11-07,95.66666666666667
2018-11-08,143.25
2018-11-09,128.78571428571428
2018-11-10,153.6875
2018-11-11,267.22222222222223
2018-11-12,99.25
2018-11-13,363.55555555555554
2018-11-14,347.77777777777777
2018-11-15,343.44444444444446
2018-11-16,181.5
2018-11-17,9.333333333333334
2018-11-18,197.9375
2018-11-19,107.1304347826087
2018-11-20,163.125
2018-11-21,284.4
2018-11-22,263.8
2018-11-23,125.625
2018-11-24,285.77777777777777
2018-11-25,34.0
2018-11-26,109.0
2018-11-27,252.5
2018-11-28,0.625
2018-11-29,66.41666666666667
2018-11-30,214.66666666666666
2018-12-01,162.25
2018-12-02,118.28571428571429
2018-12-03,63.0
2018-12-04,47.714285714285715
2018-12-05,318.5
2018-12-06,308.125
2018-12-07,171.9
2018-12-08,313.75
2018-12-09,215.125
2018-12-10,154.625
2018-12-11,108.125
2018-12-12,99.5
2018-12-13,39.90909090909091
2018-12-14,183.88888888888889
2018-12-15,151.6875
2018-12-16,130.125
2018-12-17,297.125
2018-12-18,278.375
2018-12-19,140.375
2018-12-20,36.42857142857143
2018-12-21,51.714285714285715
2018-12-22,106.85714285714286
2018-12-23,150.33333333333334
2018-12-24,111.25
2018-12-25,113.13333333333334
2018-12-26,34.46666666666667
2018-12-27,10.666666666666666
2018-12-28,18.333333333333332
2018-12-29,32.733333333333334
2018-12-30,105.0
2018-12-31,10.307692307692308
2019-01-01,86.28571428571429
2019-01-02,167.625
2019-01-03,302.375
2019-01-04,273.0
2019-01-05,150.125
2019-01-06,56.44444444444444
2019-01-07,138.85714285714286
2019-01-08,257.2
2019-01-09,293.8888888888889
2019-01-10,168.8125
2019-01-11,28.045454545454547
2019-01-12,22.444444444444443
2019-01-13,64.25
2019-01-14,7.666666666666667
2019-01-15,15.75
2019-01-16,117.66666666666667
2019-01-17,7.0
2019-01-18,212.0
2019-01-19,138.375
2019-01-20,94.6086956521739
2019-01-21,50.166666666666664
2019-01-22,52.13636363636363
2019-01-23,30.181818181818183
2019-01-24,31.75
2019-01-25,5.0
2019-01-26,0.0
2019-01-27,32.0
2019-01-28,62.5
2019-01-29,76.66666666666667
2019-01-30,65.0
2019-01-31,82.8
2019-02-01,5.5
2019-02-02,274.75
2019-02-03,80.0
2019-02-04,127.58333333333333
2019-02-05,81.85714285714286
2019-02-06,44.78260869565217
2019-02-07,112.11764705882354
2019-02-08,309.22222222222223
2019-02-09,284.4
2019-02-10,92.75
2019-02-11,26.333333333333332
2019-02-13,392.7142857142857
2019-02-14,427.875
2019-02-15,243.25
2019-02-16,386.6
2019-02-17,72.0
2019-02-18,161.23076923076923
2019-02-19,191.35294117647058
2019-02-21,266.8666666666667
2019-02-22,253.8235294117647
2019-02-23,254.5
2019-02-24,407.1
2019-02-25,279.0
2019-02-26,243.54545454545453
2019-02-27,371.45454545454544
2019-02-28,355.27272727272725
2019-03-01,439.1
2019-03-02,264.1764705882353
2019-03-03,242.72222222222223
2019-03-04,412.0
2019-03-05,409.54545454545456
2019-03-06,412.3636363636364
2019-03-07,297.27272727272725
2019-03-08,348.7
2019-03-09,301.77777777777777
2019-03-10,349.0
2019-03-11,221.83333333333334
2019-03-12,138.88888888888889
2019-03-13,176.16666666666666
2019-03-14,163.45454545454547
2019-03-15,295.3333333333333
2019-03-16,286.8421052631579
2019-03-17,544.5
2019-03-18,322.4375
2019-03-19,225.21052631578948
2019-03-20,274.2
2019-03-21,543.0909090909091
2019-03-22,505.5
2019-03-23,459.45454545454544
2019-03-24,134.1
2019-03-25,332.0
2019-03-26,482.46153846153845
2019-03-27,342.84615384615387
2019-03-28,277.45454545454544
2019-03-29,256.9
2019-03-30,206.375
2019-03-31,351.10526315789474
2019-04-01,433.61538461538464
2019-04-02,329.0
2019-04-03,296.3636363636364
2019-04-04,163.6875
2019-04-05,139.83333333333334
2019-04-06,427.15384615384613
2019-04-07,245.27272727272728
2019-04-08,564.75
2019-04-09,324.0
2019-04-10,121.16666666666667
2019-04-11,110.9090909090909
2019-04-12,198.75
2019-04-13,361.11764705882354
2019-04-14,163.66666666666666
2019-04-15,302.11764705882354
2019-04-16,485.6666666666667
2019-04-17,207.0
2019-04-18,221.0
2019-04-19,636.25
2019-04-20,463.75
2019-04-21,368.10526315789474
2019-04-22,356.3333333333333
2019-04-23,452.27272727272725
2019-04-24,428.5
2019-04-25,342.53846153846155
2019-04-26,484.3125
2019-04-27,35.6
2019-04-28,229.94736842105263
2019-04-29,227.0
2019-04-30,69.18181818181819
2019-05-01,197.23076923076923
2019-05-02,384.2307692307692
2019-05-03,266.92857142857144
2019-05-04,638.9166666666666
2019-05-05,529.5
2019-05-06,366.625
2019-05-07,124.30434782608695
2019-05-08,67.57142857142857
2019-05-09,157.54545454545453
2019-05-10,547.8461538461538
2019-05-11,135.5
2019-05-12,133.75
2019-05-13,565.0
2019-05-14,125.6923076923077
2019-05-15,611.8461538461538
2019-05-16,510.85714285714283
2019-05-17,182.77777777777777
2019-05-18,331.5
2019-05-19,178.14285714285714
2019-05-20,264.05882352941177
2019-05-21,57.95238095238095
2019-05-22,343.8095238095238
2019-05-23,579.5714285714286
2019-05-24,325.07142857142856
2019-05-25,403.35714285714283
2019-05-26,534.1538461538462
2019-05-27,220.84615384615384
2019-05-28,112.4
2019-05-29,182.65
2019-05-30,319.72222222222223
2019-05-31,351.3
2019-06-01,312.05555555555554
2019-06-02,414.8
2019-06-03,366.7857142857143
2019-06-04,411.6
2019-06-05,401.55555555555554
2019-06-06,246.0909090909091
2019-06-07,531.1875
2019-06-08,544.4375
2019-06-09,398.0625
2019-06-10,480.44444444444446
2019-06-11,311.65
2019-06-12,278.84615384615387
2019-06-13,640.5
2019-06-14,239.7058823529412
2019-06-15,208.26315789473685
2019-06-16,228.57142857142858
2019-06-17,326.4117647058824
2019-06-18,235.33333333333334
2019-06-19,85.3
2019-06-20,416.3333333333333
2019-06-21,130.6
2019-06-22,305.61538461538464
2019-06-23,346.5833333333333
2019-06-24,389.6923076923077
2019-06-25,532.3333333333334
2019-06-26,459.4
2019-06-27,307.6111111111111
2019-06-28,105.52380952380952
2019-06-29,345.30434782608694
2019-06-30,261.0416666666667
2019-07-01,299.04545454545456
2019-07-02,553.9285714285714
2019-07-03,406.14285714285717
2019-07-04,570.8461538461538
2019-07-05,470.5625
2019-07-06,452.5
2019-07-07,458.3888888888889
2019-07-08,404.3
2019-07-09,378.93333333333334
2019-07-10,507.3333333333333
2019-07-11,612.4615384615385
2019-07-12,490.1764705882353
2019-07-13,266.36842105263156
2019-07-14,599.6923076923077
2019-07-15,597.3076923076923
2019-07-16,481.15384615384613
2019-07-17,315.3
2019-07-18,405.1764705882353
2019-07-19,343.17391304347825
2019-07-20,327.15
2019-07-21,196.35294117647058
2019-07-22,396.57894736842104
2019-07-23,594.0
2019-07-24,536.8571428571429
2019-07-25,425.84615384615387
2019-07-26,406.11764705882354
2019-07-27,191.5
2019-07-28,498.0769230769231
2019-07-29,526.6428571428571
2019-07-30,613.9230769230769
2019-07-31,512.6153846153846
2019-08-01,578.0769230769231
2019-08-02,454.4117647058824
2019-08-03,313.9166666666667
2019-08-04,348.6666666666667
2019-08-05,448.85714285714283
2019-08-06,538.6923076923077
2019-08-07,580.9230769230769
2019-08-08,443.53846153846155
2019-08-09,552.9285714285714
2019-08-10,418.9230769230769
2019-08-11,247.53846153846155
2019-08-12,180.0
2019-08-13,346.11764705882354
2019-08-14,368.73333333333335
2019-08-15,400.0
2019-08-16,477.9166666666667
2019-08-17,386.7692307692308
2019-08-18,392.72727272727275
2019-08-19,478.0
2019-08-20,427.27272727272725
2019-08-21,115.3125
2019-08-22,323.6363636363636
2019-08-23,374.42105263157896
2019-08-24,464.1666666666667
2019-08-25,235.64285714285714
2019-08-26,186.27272727272728
2019-08-27,428.0
2019-08-28,301.4347826086956
2019-08-29,311.63157894736844
2019-08-30,351.07142857142856
2019-08-31,237.5
2019-09-01,311.8333333333333
2019-09-02,388.6666666666667
2019-09-03,338.0
2019-09-04,350.8235294117647
2019-09-05,278.0952380952381
2019-09-06,503.6923076923077
2019-09-07,453.8181818181818
2019-09-08,143.27272727272728
2019-09-09,289.6363636363636
2019-09-10,220.11764705882354
2019-09-11,224.0
2019-09-12,357.1666666666667
2019-09-13,317.53846153846155
2019-09-14,230.375
2019-09-15,208.66666666666666
2019-09-16,322.8235294117647
2019-09-17,259.7894736842105
2019-09-18,310.4375
2019-09-19,111.1304347826087
2019-09-20,204.70833333333334
2019-09-21,26.94736842105263
2019-09-22,91.16666666666667
2019-09-23,469.1666666666667
2019-09-24,403.15384615384613
2019-09-25,393.09090909090907
2019-09-26,342.125
2019-09-27,53.333333333333336
2019-09-28,144.25
2019-09-29,40.54545454545455
2019-09-30,446.2
2019-10-01,241.0
2019-10-02,59.5625
2019-10-03,186.16666666666666
2019-10-04,388.5
2019-10-05,30.636363636363637
2019-10-06,118.54545454545455
2019-10-07,411.8333333333333
2019-10-08,486.3
2019-10-09,337.2
2019-10-10,89.42857142857143
2019-10-11,56.958333333333336
2019-10-12,232.44444444444446
2019-10-13,294.7
2019-10-14,414.1818181818182
2019-10-15,201.5625
2019-10-16,74.21052631578948
2019-10-17,442.4
2019-10-18,411.4
2019-10-19,73.7
2019-10-20,343.5
2019-10-21,288.25
2019-10-22,217.9
2019-10-23,205.0
2019-10-24,321.4
2019-10-25,395.4
2019-10-26,178.66666666666666
2019-10-27,384.1
2019-10-28,104.66666666666667
2019-10-29,443.5
2019-10-30,241.66666666666666
2019-10-31,303.3333333333333
2019-11-01,189.92857142857142
2019-11-02,199.78571428571428
2019-11-03,228.33333333333334
2019-11-04,98.625
2019-11-05,256.7692307692308
2019-11-06,276.4
2019-11-07,212.41176470588235
2019-11-08,160.7058823529412
2019-11-09,255.7
2019-11-10,109.88888888888889
2019-11-11,292.0
2019-11-12,275.09090909090907
2019-11-13,260.0
2019-11-14,254.8
2019-11-15,181.26666666666668
2019-11-16,123.625
2019-11-17,62.7
2019-11-18,176.25
2019-11-19,119.5
2019-11-20,207.75
2019-11-21,57.666666666666664
2019-11-22,343.0
2019-11-23,258.5
2019-11-24,174.36363636363637
2019-11-25,278.375
2019-11-26,76.5
2019-11-27,82.28571428571429
2019-11-28,72.75
2019-11-29,74.875
2019-11-30,32.2
2019-12-01,27.785714285714285
2019-12-02,139.375
2019-12-03,302.875
2019-12-04,252.7
2019-12-05,142.2941176470588
2019-12-06,163.375
2019-12-07,245.125
2019-12-08,160.125
2019-12-09,29.357142857142858
2019-12-10,131.5
2019-12-11,347.6666666666667
2019-12-12,100.14285714285714
2019-12-13,82.3
2019-12-14,88.11111111111111
2019-12-15,56.11764705882353
2019-12-16,120.73333333333333
2019-12-17,192.57142857142858
2019-12-18,206.4
2019-12-19,134.6875
2019-12-20,98.72222222222223
2019-12-21,289.25
2019-12-22,205.1818181818182
2019-12-23,181.22222222222223
2019-12-24,210.375
2019-12-25,247.125
2019-12-26,57.42857142857143
2019-12-27,227.2
2019-12-28,30.0
2019-12-29,168.71428571428572
2019-12-30,38.0
2019-12-31,70.22222222222223
2020-01-01,149.6
2020-01-02,141.4375
2020-01-03,67.57142857142857
2020-01-04,113.11111111111111
2020-01-05,206.9
2020-01-06,162.875
2020-01-07,100.13333333333334
2020-01-08,120.6470588235294
2020-01-09,154.57142857142858
2020-01-10,52.333333333333336
2020-01-11,54.857142857142854
2020-01-12,137.16666666666666
2020-01-13,73.28571428571429
2020-01-14,122.88235294117646
2020-01-15,77.375
2020-01-16,169.75
2020-01-17,12.933333333333334
2020-01-18,3.0
2020-01-19,13.666666666666666
2020-01-20,157.66666666666666
2020-01-21,274.7142857142857
2020-01-22,1.5
2020-01-23,79.4
2020-01-24,44.75
2020-01-25,130.66666666666666
2020-01-26,9.666666666666666
2020-01-27,21.818181818181817
2020-01-28,4.0
2020-01-29,6.111111111111111
2020-01-30,10.7
2020-01-31,6.444444444444445
2020-02-01,164.25
2020-02-02,357.55555555555554
2020-02-03,304.0
2020-02-04,284.8888888888889
2020-02-05,194.11111111111111
2020-02-06,375.3
2020-02-07,321.55555555555554
2020-02-08,330.8181818181818
2020-02-09,177.75
2020-02-10,377.8888888888889
2020-02-11,282.25
2020-02-12,103.125
2020-02-13,362.625
2020-02-14,340.22222222222223
2020-02-15,382.0
2020-02-16,316.09090909090907
2020-02-17,190.42857142857142
2020-02-18,429.7
2020-02-19,119.5625
2020-02-20,267.0
2020-02-21,453.6
2020-02-22,421.5
2020-02-23,410.5
2020-02-24,212.33333333333334
2020-02-25,247.0909090909091
2020-02-26,205.1875
2020-02-27,401.8181818181818
2020-02-28,208.0
2020-02-29,477.4
2020-03-01,358.3
2020-03-02,145.1
2020-03-03,434.54545454545456
2020-03-04,460.8181818181818
2020-03-05,350.22222222222223
2020-03-06,447.0833333333333
2020-03-07,410.5833333333333
2020-03-08,462.09090909090907
2020-03-09,36.77777777777778
2020-03-10,478.54545454545456
2020-03-11,189.45454545454547
2020-03-12,231.6
2020-03-13,489.8181818181818
2020-03-14,236.375
2020-03-15,235.7
2020-03-16,153.8
2020-03-17,511.3636363636364
2020-03-18,47.0
2020-03-19,44.578947368421055
2020-03-20,194.2
2020-03-21,280.0
2020-03-22,170.9090909090909
2020-03-23,261.77777777777777
2020-03-24,272.8181818181818
2020-03-25,195.9090909090909
2020-03-26,152.63636363636363
2020-03-27,75.86666666666666
2020-03-28,144.4
2020-03-29,151.0
2020-03-30,551.8333333333334
2020-03-31,546.6666666666666
2020-04-01,382.25
2020-04-02,195.625
2020-04-03,49.88235294117647
2020-04-04,360.6470588235294
2020-04-05,278.2083333333333
2020-04-06,46.17391304347826
2020-04-07,290.3157894736842
2020-04-08,408.5
2020-04-09,316.2142857142857
2020-04-10,542.8333333333334
2020-04-11,197.6
2020-04-12,274.4166666666667
2020-04-13,539.1666666666666
2020-04-14,481.6666666666667
2020-04-15,366.15384615384613
2020-04-16,421.3636363636364
2020-04-17,345.7142857142857
2020-04-18,319.5217391304348
2020-04-19,393.2631578947368
2020-04-20,302.61538461538464
2020-04-21,620.8333333333334
2020-04-22,247.875
2020-04-23,192.52173913043478
2020-04-24,110.47368421052632
2020-04-25,306.29411764705884
2020-04-26,396.4736842105263
2020-04-27,300.0
2020-04-28,145.25
2020-04-29,64.21739130434783
2020-04-30,398.25
2020-05-01,371.2857142857143
2020-05-02,321.6666666666667
2020-05-03,398.61538461538464
2020-05-04,184.44444444444446
2020-05-05,58.27777777777778
2020-05-06,500.0
2020-05-07,478.0
2020-05-08,646.2307692307693
2020-05-09,619.6923076923077
2020-05-10,175.15384615384616
2020-05-11,216.0
2020-05-12,342.35
2020-05-13,240.64705882352942
2020-05-14,115.05882352941177
2020-05-15,393.0
2020-05-16,288.3157894736842
2020-05-17,222.58333333333334
2020-05-18,151.71428571428572
2020-05-19,179.0
2020-05-20,136.55555555555554
2020-05-21,186.0
2020-05-22,274.61538461538464
2020-05-23,349.46153846153845
2020-05-24,378.0
2020-05-25,476.92857142857144
2020-05-26,388.05555555555554
2020-05-27,196.55
2020-05-28,156.53846153846155
2020-05-29,421.0
2020-05-30,352.6666666666667
2020-05-31,366.14285714285717
2020-06-01,290.6111111111111
2020-06-02,389.2857142857143
2020-06-03,462.0
2020-06-04,421.3333333333333
2020-06-05,467.2142857142857
2020-06-06,580.7857142857143
2020-06-07,529.3125
2020-06-08,602.5714285714286
2020-06-09,75.78571428571429
2020-06-10,354.35714285714283
2020-06-11,610.0
2020-06-12,514.8235294117648
2020-06-13,259.6923076923077
2020-06-14,577.0
2020-06-15,498.75
2020-06-16,577.6
2020-06-17,617.5
2020-06-18,544.2142857142857
2020-06-19,176.28571428571428
2020-06-20,415.07142857142856
2020-06-21,405.6666666666667
2020-06-22,104.47826086956522
2020-06-23,289.6818181818182
2020-06-24,482.625
2020-06-25,390.59090909090907
2020-06-26,188.6875
2020-06-27,220.04347826086956
2020-06-28,309.0
2020-06-29,447.7647058823529
2020-06-30,162.6818181818182
2020-07-01,256.2142857142857
2020-07-02,359.95238095238096
2020-07-03,483.1875
2020-07-04,574.5714285714286
2020-07-05,571.5
2020-07-06,493.625
2020-07-07,565.4285714285714
2020-07-08,505.1875
2020-07-09,331.625
2020-07-10,562.1333333333333
2020-07-11,505.1666666666667
2020-07-12,621.9230769230769
2020-07-13,632.6923076923077
2020-07-14,442.61538461538464
2020-07-15,201.07692307692307
2020-07-16,535.4285714285714
2020-07-17,546.6428571428571
2020-07-18,345.4117647058824
2020-07-19,350.0
2020-07-20,180.76923076923077
2020-07-21,146.0
2020-07-22,387.55
2020-07-23,609.4615384615385
2020-07-24,458.88235294117646
2020-07-25,319.45
2020-07-26,454.6875
2020-07-27,334.2105263157895
2020-07-28,415.57894736842104
2020-07-29,464.42857142857144
2020-07-30,387.7692307692308
2020-07-31,506.6923076923077
2020-08-01,317.05555555555554
2020-08-02,322.8
2020-08-03,537.5384615384615
2020-08-04,556.0
2020-08-05,369.94117647058823
2020-08-06,294.35
2020-08-07,419.0
2020-08-08,362.85
2020-08-09,363.0769230769231
2020-08-10,262.84615384615387
2020-08-11,534.7692307692307
2020-08-12,510.38461538461536
2020-08-13,462.85714285714283
2020-08-14,544.6923076923077
2020-08-15,559.5384615384615
2020-08-16,530.4615384615385
2020-08-17,531.3333333333334
2020-08-18,525.5384615384615
2020-08-19,606.0
2020-08-20,544.7692307692307
2020-08-21,542.2307692307693
2020-08-22,305.25
2020-08-23,568.3333333333334
2020-08-24,478.7692307692308
2020-08-25,542.4166666666666
2020-08-26,552.6666666666666
2020-08-27,544.25
2020-08-28,476.3333333333333
2020-08-29,480.1666666666667
2020-08-30,424.35714285714283
2020-08-31,219.0
2020-09-01,143.0
2020-09-02,478.85714285714283
2020-09-03,548.25
2020-09-04,539.8333333333334
2020-09-05,485.0
2020-09-06,428.0
2020-09-07,488.09090909090907
2020-09-08,57.53846153846154
2020-09-09,51.1764705882353
2020-09-10,76.6
2020-09-11,35.5
2020-09-12,98.8695652173913
2020-09-13,319.89473684210526
2020-09-14,453.25
2020-09-15,432.3076923076923
2020-09-16,449.4166666666667
2020-09-17,452.8333333333333
2020-09-18,346.3333333333333
2020-09-19,324.0
2020-09-20,264.36842105263156
2020-09-21,430.4166666666667
2020-09-22,433.75
2020-09-23,367.75
2020-09-24,303.27272727272725
2020-09-25,471.09090909090907
2020-09-26,279.4166666666667
2020-09-27,30.555555555555557
2020-09-28,306.6363636363636
2020-09-29,321.6
2020-09-30,407.8181818181818
2020-10-01,209.72727272727272
2020-10-02,403.9
2020-10-03,64.54545454545455
2020-10-04,516.4
2020-10-05,478.3
2020-10-06,398.5833333333333
2020-10-07,473.5
2020-10-08,463.6
2020-10-09,437.0
2020-10-10,438.0
2020-10-11,350.9166666666667
2020-10-12,365.90909090909093
2020-10-13,451.1
2020-10-14,277.8
2020-10-15,461.5
2020-10-16,358.9
2020-10-17,158.33333333333334
2020-10-18,132.4
2020-10-19,45.0
2020-10-20,119.57142857142857
2020-10-21,224.66666666666666
2020-10-22,113.22222222222223
2020-10-23,128.25
2020-10-24,177.1
2020-10-25,66.44444444444444
2020-10-26,101.0
2020-10-27,129.0
2020-10-28,163.66666666666666
2020-10-29,114.33333333333333
2020-10-30,312.9
2020-10-31,380.44444444444446
2020-11-01,349.54545454545456
2020-11-02,285.72727272727275
2020-11-03,324.09090909090907
2020-11-04,341.22222222222223
2020-11-05,304.09090909090907
2020-11-06,190.1764705882353
2020-11-07,197.52941176470588
2020-11-08,318.44444444444446
2020-11-09,211.33333333333334
2020-11-10,21.666666666666668
2020-11-11,202.25
2020-11-12,256.3333333333333
2020-11-13,362.77777777777777
2020-11-14,28.0
2020-11-15,122.8
2020-11-16,299.3
2020-11-17,168.1
2020-11-18,300.22222222222223
2020-11-19,264.44444444444446
2020-11-20,196.0
2020-11-21,177.22222222222223
2020-11-22,194.22222222222223
2020-11-23,140.8
2020-11-24,3.727272727272727
2020-11-25,8.7
2020-11-26,140.5
2020-11-27,294.75
2020-11-28,297.44444444444446
2020-11-29,216.25
2020-11-30,263.0
2020-12-01,338.0
2020-12-02,323.875
2020-12-03,317.0
2020-12-04,250.6
2020-12-05,296.75
2020-12-06,229.5
2020-12-07,50.666666666666664
2020-12-08,62.42857142857143
2020-12-09,302.125
2020-12-10,279.125
2020-12-11,15.333333333333334
2020-12-12,19.666666666666668
2020-12-13,6.0
2020-12-14,5.333333333333333
2020-12-15,4.5
2020-12-16,84.6
2020-12-17,0.6666666666666666
2020-12-18,75.2
2020-12-19,42.27272727272727
2020-12-20,155.875
2020-12-21,292.625
2020-12-22,101.375
2020-12-23,55.0
2020-12-24,313.375
2020-12-25,268.0
2020-12-26,296.625
2020-12-27,108.42857142857143
2020-12-28,209.5
2020-12-29,56.06666666666667
2020-12-30,40.285714285714285
2020-12-31,117.0
2021-01-12,831.2
2021-01-14,688.6666666666666
2021-01-15,763.0
2021-01-16,736.0
2021-01-21,912.0
2021-01-24,800.0
2021-01-30,683.0
2021-02-04,149.0
2021-02-22,790.2857142857143
2021-02-23,239.45454545454547
2021-02-24,300.3
2021-02-25,788.125
2021-02-26,656.3636363636364
2021-02-27,399.4
2021-02-28,358.9166666666667
2021-03-01,919.3333333333334
2021-03-02,869.25
2021-03-03,840.0
2021-03-04,780.0
2021-03-05,846.5
2021-03-06,636.1666666666666
2021-03-07,593.1666666666666
2021-03-08,468.11764705882354
2021-03-09,228.6315789473684
2021-03-10,280.8181818181818
2021-03-11,470.77777777777777
2021-03-12,835.6
2021-03-13,762.1428571428571
2021-03-14,328.77777777777777
2021-03-15,841.0
2021-03-16,803.5
2021-03-17,223.11111111111111
2021-03-18,583.4666666666667
2021-03-19,639.6666666666666
2021-03-20,548.6666666666666
2021-03-21,385.09090909090907
2021-03-22,328.0
2021-03-23,299.3
2021-03-24,362.8181818181818
2021-03-25,401.6
2021-03-26,350.54545454545456
2021-03-27,336.54545454545456
2021-03-28,530.5454545454545
2021-03-29,520.2352941176471
2021-03-30,288.5263157894737
2021-03-31,808.1666666666666
2021-04-01,919.75
2021-04-02,817.8571428571429
2021-04-03,472.88235294117646
2021-04-04,242.68421052631578
2021-04-05,330.1818181818182
2021-04-06,315.9166666666667
2021-04-07,339.0
2021-04-08,529.1875
2021-04-09,252.66666666666666
2021-04-10,275.8888888888889
2021-04-11,469.0769230769231
2021-04-12,409.3333333333333
2021-04-13,466.61538461538464
2021-04-14,842.625
2021-04-15,444.9230769230769
2021-04-16,461.64285714285717
2021-04-17,377.75
2021-04-18,428.0769230769231
2021-04-19,338.8333333333333
2021-04-20,431.0
2021-04-21,812.0
2021-04-22,806.1666666666666
2021-04-23,370.6666666666667
2021-04-24,367.0833333333333
2021-04-25,357.25
2021-04-26,475.3125
2021-04-27,297.42857142857144
2021-04-28,337.2307692307692
2021-04-29,406.75
2021-04-30,510.7142857142857
2021-05-01,514.9375
2021-05-02,412.5
2021-05-03,409.0
2021-05-04,428.64285714285717
2021-05-05,438.25
2021-05-06,454.0
2021-05-07,429.25
2021-05-08,450.06666666666666
2021-05-09,414.3333333333333
2021-05-10,384.15
2021-05-11,464.85714285714283
2021-05-12,532.7142857142857
2021-05-13,490.53846153846155
2021-05-14,407.53846153846155
2021-05-15,473.7857142857143
2021-05-16,320.95
2021-05-17,478.15384615384613
2021-05-18,459.42857142857144
2021-05-19,343.42105263157896
2021-05-20,491.8125
2021-05-21,361.05
2021-05-22,491.8888888888889
2021-05-23,360.63157894736844
2021-05-24,483.27777777777777
2021-05-25,307.77777777777777
2021-05-26,583.5294117647059
2021-05-27,312.27777777777777
2021-05-28,400.2307692307692
2021-05-29,528.8666666666667
2021-05-30,532.3333333333334
2021-05-31,348.65
2021-06-01,449.7857142857143
2021-06-02,402.5
2021-06-03,437.42857142857144
2021-06-04,453.57142857142856
2021-06-05,444.7142857142857
2021-06-06,491.3125
2021-06-07,439.2857142857143
2021-06-08,434.64285714285717
2021-06-09,425.7857142857143
2021-06-10,391.35714285714283
2021-06-11,425.14285714285717
2021-06-12,458.4375
2021-06-13,552.3333333333334
2021-06-14,395.6363636363636
2021-06-15,535.0588235294117
2021-06-16,548.6111111111111
2021-06-17,341.36842105263156
2021-06-18,380.7857142857143
2021-06-19,507.5
2021-06-20,386.2
2021-06-21,510.6
2021-06-22,434.07142857142856
2021-06-23,400.57142857142856
2021-06-24,371.84615384615387
2021-06-25,541.5882352941177
2021-06-26,340.6
2021-06-27,414.7857142857143
2021-06-28,418.5
2021-06-29,435.3076923076923
2021-06-30,399.35714285714283
2021-07-01,494.9375
2021-07-02,405.0
2021-07-03,371.92857142857144
2021-07-04,403.4
2021-07-05,406.3333333333333
2021-07-06,390.5
2021-07-07,450.55555555555554
2021-07-08,350.57894736842104
2021-07-09,340.0833333333333
2021-07-10,412.9375
2021-07-11,341.8
2021-07-12,424.3529411764706
2021-07-13,326.36842105263156
2021-07-14,265.7692307692308
2021-07-15,365.4166666666667
2021-07-16,366.5625
2021-07-17,382.07142857142856
2021-07-18,369.5
2021-07-19,347.7142857142857
2021-07-20,378.6111111111111
2021-07-21,245.0952380952381
2021-07-22,356.93333333333334
2021-07-23,315.92857142857144
2021-07-24,360.2857142857143
2021-07-25,385.35714285714283
2021-07-26,347.85714285714283
2021-07-27,461.0
2021-07-28,257.1904761904762
2021-07-29,304.57142857142856
2021-07-30,169.41666666666666
2021-07-31,279.2857142857143
2021-08-01,426.94117647058823
2021-08-02,432.2173913043478
2021-08-03,359.57894736842104
2021-08-04,379.0769230769231
2021-08-05,305.3076923076923
2021-08-06,317.05882352941177
2021-08-07,184.9
2021-08-08,286.7692307692308
2021-08-09,337.53846153846155
2021-08-10,350.61538461538464
2021-08-11,366.07142857142856
2021-08-12,361.0
2021-08-13,422.46153846153845
2021-08-14,427.6666666666667
2021-08-15,412.0
2021-08-16,422.3333333333333
2021-08-17,374.8333333333333
2021-08-18,477.1875
2021-08-19,261.4736842105263
2021-08-20,389.15384615384613
2021-08-21,378.6923076923077
2021-08-22,439.6923076923077
2021-08-23,421.1
2021-08-24,366.5833333333333
2021-08-25,483.64285714285717
2021-08-26,250.26315789473685
2021-08-27,394.38461538461536
2021-08-28,347.8333333333333
2021-08-29,328.8333333333333
2021-08-30,467.0
2021-08-31,317.3478260869565
2021-09-01,258.89473684210526
2021-09-02,520.2352941176471
2021-09-03,300.27272727272725
2021-09-04,224.7058823529412
2021-09-05,395.0
2021-09-06,523.5294117647059
2021-09-07,186.3684210526316
2021-09-08,414.5
2021-09-09,432.15384615384613
2021-09-10,462.2352941176471
2021-09-11,237.83333333333334
2021-09-12,164.94736842105263
2021-09-13,226.16666666666666
2021-09-14,379.53846153846155
2021-09-15,442.46153846153845
2021-09-16,417.7692307692308
2021-09-17,436.5882352941176
2021-09-18,237.26315789473685
2021-09-19,342.75
2021-09-20,373.90909090909093
2021-09-21,385.3636363636364
2021-09-22,442.6923076923077
2021-09-23,402.75
2021-09-24,288.8181818181818
2021-09-25,407.1666666666667
2021-09-26,488.0
2021-09-27,206.05555555555554
2021-09-28,477.4375
2021-09-29,262.95
2021-09-30,285.7
2021-10-01,361.84615384615387
2021-10-02,321.4166666666667
2021-10-03,310.4
2021-10-04,353.3
2021-10-05,245.8
2021-10-06,430.0
2021-10-07,283.2608695652174
2021-10-08,171.55555555555554
2021-10-09,317.8
2021-10-10,430.25
2021-10-11,151.94444444444446
2021-10-12,528.375
2021-10-13,208.33333333333334
2021-10-14,531.4375
2021-10-15,331.0
2021-10-16,466.8235294117647
2021-10-17,393.3636363636364
2021-10-18,519.25
2021-10-19,385.5
2021-10-20,234.31578947368422
2021-10-21,343.9166666666667
2021-10-22,492.0
2021-10-23,332.3
2021-10-24,426.6666666666667
2021-10-25,177.38888888888889
2021-10-26,337.9166666666667
2021-10-27,271.1
2021-10-28,271.7142857142857
2021-10-29,262.3333333333333
2021-10-30,305.0
2021-10-31,318.4
2021-11-01,503.73333333333335
2021-11-02,335.8
2021-11-03,863.25
2021-11-04,723.25
2021-11-05,787.6
2021-11-06,287.0
2021-11-07,417.2352941176471
2021-11-08,164.1764705882353
2021-11-09,217.75
2021-11-10,104.88888888888889
2021-11-11,349.0
2021-11-12,328.0
2021-11-13,780.0
2021-11-14,264.2857142857143
2021-11-15,701.0
2021-11-16,609.6666666666666
2021-11-17,198.44444444444446
2021-11-18,845.0
2021-11-20,264.57142857142856
2021-11-21,228.75
2021-11-22,840.5
2021-11-23,828.0
2021-11-24,185.625
2021-11-25,467.0
2021-11-27,536.3333333333334
2021-11-28,834.0
2021-11-29,627.5
2021-11-30,117.0
2021-12-01,413.125
2021-12-02,98.9375
2021-12-03,186.375
2021-12-04,278.4
2021-12-05,267.92857142857144
2021-12-06,0.0
2021-12-09,310.6666666666667
2021-12-10,374.5
2021-12-11,799.0
2021-12-12,819.75
2021-12-13,706.5
2021-12-14,419.3333333333333
2021-12-15,210.55555555555554
2021-12-16,267.6666666666667
2021-12-20,769.0
2021-12-21,863.5
2021-12-23,660.0
2021-12-24,371.3333333333333
2021-12-25,273.42857142857144
2021-12-26,121.0
2021-12-27,185.0
2021-12-30,804.0
2021-12-31,776.0
